"Rocky.1","Rocky.2","Rocky.3","Rocky.4","Rocky.5","consumerID"
5,4,4,5,5,609
4,4,5,5,4,1693
5,4,3,4,1,2000
5,5,5,5,5,2338
5,5,5,5,5,2469
5,4,4,4,1,2787
4,3,3,3,3,2905
4,4,4,3,3,3321
4,4,4,4,4,5916
5,5,3,4,2,7576
4,4,4,4,4,8055
5,5,4,5,5,9850
4,4,4,3,3,10268
4,3,4,4,4,10374
4,4,2,5,2,10977
4,4,4,4,3,11043
5,5,5,5,5,12876
4,4,4,4,3,13381
3,3,5,5,4,13437
5,4,2,3,1,13528
5,5,5,5,5,13996
3,4,3,4,3,14704
3,3,3,4,3,15104
5,4,5,5,5,16074
3,3,3,3,2,16272
5,5,5,5,4,16273
3,3,3,3,2,16565
5,5,5,5,5,17138
5,5,5,5,5,18830
5,5,5,5,5,19006
4,3,2,1,1,19080
4,4,4,4,3,19930
4,4,4,4,4,20421
5,5,5,5,4,20461
4,5,5,5,5,20544
4,4,4,3,4,20646
5,5,3,2,2,21364
4,4,4,3,1,21823
5,5,5,5,5,21873
4,4,1,3,1,21953
4,4,4,4,4,22577
5,4,4,5,3,23042
5,5,5,4,4,23354
5,5,5,5,1,23427
4,3,4,5,2,23487
5,4,4,5,1,24600
5,5,5,4,4,24867
4,4,3,3,3,24995
5,4,3,3,3,25209
5,5,5,5,3,25755
5,5,5,5,5,26673
5,5,5,5,3,26674
5,5,3,5,4,27434
3,3,3,3,3,27870
5,5,5,5,5,28258
4,4,4,4,3,28346
5,5,5,4,4,28711
5,5,4,4,4,28786
4,3,4,4,3,28876
5,3,3,1,1,29000
5,4,4,5,3,29401
5,5,5,5,5,29815
4,4,3,3,3,30245
4,3,3,3,3,30878
5,5,3,2,1,32885
4,4,3,3,2,32902
5,5,3,3,3,33430
3,3,3,3,1,33612
4,4,3,4,3,33696
4,4,4,4,3,35580
5,5,5,5,5,36822
4,4,4,3,3,37186
5,4,4,4,3,38946
5,3,3,4,2,39297
5,4,4,4,4,39375
5,5,4,5,4,40240
5,3,5,5,4,40950
5,4,4,4,2,40960
5,5,5,5,3,42094
5,5,4,4,4,42477
5,5,4,5,5,42630
5,5,5,5,5,42773
5,4,3,3,3,42930
4,4,4,4,4,43446
5,5,5,5,4,44448
5,4,3,4,3,44734
2,2,2,2,2,44946
4,4,4,4,4,45207
5,5,4,4,3,45619
5,5,3,5,3,45675
5,4,4,1,2,46036
5,5,5,5,5,46154
4,4,5,4,4,46245
5,5,4,3,2,46263
5,4,2,1,1,46929
4,4,4,3,3,47589
5,5,5,5,3,48181
3,2,2,2,2,48657
5,5,5,5,5,49160
5,5,5,5,4,49211
4,4,4,4,3,51130
5,5,5,5,5,51233
5,5,5,5,4,51529
3,3,3,3,3,51915
5,4,4,4,2,52009
4,4,3,3,3,52352
5,5,5,5,4,52540
4,4,4,3,2,53406
5,4,4,4,3,53558
4,3,3,2,2,53694
5,3,3,5,3,53782
5,5,5,4,5,54058
5,5,5,5,5,54564
5,4,5,5,4,55339
5,4,4,4,3,55946
3,3,2,2,2,57186
4,4,4,4,5,57347
3,2,1,1,1,57633
4,5,4,3,4,57648
5,5,5,5,5,58061
4,4,5,5,5,58399
3,2,3,2,1,59005
3,3,3,3,2,59539
5,5,5,5,4,60856
5,5,5,3,1,61155
4,1,1,3,1,61472
5,4,3,2,1,62361
5,5,5,5,5,62452
5,4,4,3,3,63493
5,5,4,4,3,63858
4,4,4,5,3,69865
3,4,4,4,1,70328
5,3,3,3,3,70950
5,3,3,3,1,71485
5,4,4,3,3,71743
3,3,3,3,3,72659
4,4,4,4,3,73006
5,3,4,2,2,74441
4,4,4,4,4,74496
5,4,4,5,4,75818
4,4,4,4,4,75888
4,3,2,2,1,75976
5,4,4,4,1,76376
5,5,5,5,4,76638
5,3,3,4,3,76916
5,3,3,5,1,77210
3,3,1,1,1,77662
5,4,3,2,2,78404
5,5,4,5,3,79380
5,5,4,5,4,79556
5,5,5,5,5,79585
4,4,3,3,2,79799
5,5,5,5,4,80346
5,4,4,4,3,80478
4,3,4,4,2,81608
5,3,3,4,3,81881
3,3,3,3,3,84164
3,3,3,4,3,84387
4,4,3,4,4,84454
3,2,1,1,1,86394
4,3,3,4,3,86712
4,3,3,3,3,86966
5,5,5,4,4,87983
3,4,4,3,3,88433
5,5,5,5,5,88568
5,5,5,5,5,88909
5,5,5,5,5,90659
5,2,3,3,2,90821
5,5,4,3,4,90982
5,4,2,1,1,91234
4,3,3,3,2,91638
5,4,5,4,2,91893
5,5,5,4,2,92343
4,4,5,5,3,92540
5,4,5,3,4,93270
5,5,5,5,5,93419
4,4,3,3,1,93830
5,5,3,3,3,94869
3,2,2,2,1,94874
4,4,3,5,3,94981
4,3,3,3,3,95100
5,5,5,5,5,95194
4,3,3,3,3,95895
4,3,4,3,2,97178
4,3,3,3,2,98044
5,5,5,5,2,99696
5,5,5,5,5,100495
4,4,4,4,4,100712
5,4,3,4,2,101564
4,3,3,3,1,101807
5,5,4,4,4,102408
5,4,3,3,3,103141
3,2,3,3,2,103823
4,5,3,5,4,104237
5,4,4,5,5,104422
5,5,5,5,4,104721
5,3,3,5,1,104899
4,4,4,5,3,105150
4,5,5,5,5,107019
5,3,3,5,5,107435
5,5,5,5,5,107714
5,5,5,5,5,107734
4,4,4,4,4,108936
5,5,4,5,3,109177
3,1,2,1,1,109831
5,4,4,5,5,110596
5,5,5,5,4,110726
5,3,4,5,3,110989
5,5,4,5,5,111018
3,3,3,2,2,111033
4,3,3,4,3,111693
4,4,3,4,3,111735
5,5,5,5,5,112320
5,3,4,4,2,112449
4,3,3,3,1,113573
4,4,3,4,2,113767
5,4,3,4,1,113996
4,4,3,4,1,114853
4,4,3,4,3,115359
4,4,4,4,4,116252
4,4,4,3,3,116278
5,4,4,3,4,116767
4,4,4,4,3,116771
5,5,5,5,5,116858
4,4,3,2,2,117112
5,2,3,3,2,117386
4,4,4,4,4,117870
5,4,4,3,2,118847
3,3,3,3,2,119287
5,5,5,5,4,119497
5,5,5,4,3,119691
5,5,4,5,3,119923
3,4,3,4,5,120650
5,4,4,4,3,121098
5,3,4,4,3,121182
5,5,5,5,5,122464
2,2,2,2,2,122503
5,5,5,5,5,124456
5,5,5,5,5,124598
4,4,4,4,2,124829
5,5,5,5,5,125096
4,3,3,3,2,125296
5,4,4,5,3,125569
5,5,5,5,5,126421
5,5,5,3,3,126669
4,3,3,3,2,127061
5,4,5,4,4,127903
3,3,3,3,3,128348
5,5,5,4,5,128698
5,5,5,5,5,129796
5,5,5,5,2,129839
5,3,3,3,2,130650
5,4,3,3,2,131023
5,4,3,2,1,131394
4,3,4,4,3,131917
4,3,2,3,1,133707
5,5,4,5,4,134617
5,4,4,4,3,134743
4,5,5,5,1,135625
4,4,4,4,3,135973
5,5,5,5,5,136058
5,5,4,4,4,136970
4,4,3,3,4,137288
4,4,4,4,3,137418
4,4,4,4,4,137987
4,3,3,2,2,139297
5,5,5,5,5,139399
5,5,5,5,5,139681
4,4,4,4,2,139942
5,5,5,5,5,141370
5,3,3,3,2,141745
5,3,2,5,1,142078
4,2,2,3,2,144464
5,5,5,5,4,146353
4,4,4,5,4,146386
5,5,5,4,4,147404
5,5,5,5,5,148394
5,5,4,5,5,148606
4,3,3,3,2,149255
5,4,4,4,4,150038
5,5,4,4,2,150998
5,4,4,4,3,151001
5,5,5,5,5,151699
4,3,3,4,3,152090
5,5,4,5,4,152134
4,3,4,3,2,152405
5,3,3,3,3,152807
5,4,3,4,2,153319
5,4,2,4,3,154478
5,5,5,5,5,154668
3,3,4,3,3,154669
4,4,5,5,3,155342
5,4,4,5,4,155876
3,4,5,5,4,156047
3,4,4,4,3,156622
5,4,4,4,4,157643
4,3,4,4,3,158607
5,5,5,5,3,159523
5,5,5,5,5,159549
5,3,4,4,3,160557
5,5,5,5,5,161086
4,4,4,4,2,162348
4,4,4,3,3,162473
2,2,3,3,2,162616
3,3,3,3,2,162679
5,4,4,4,3,165060
5,4,5,4,4,165337
3,3,3,3,2,166980
5,4,5,4,4,167447
3,3,3,3,3,167759
4,5,5,5,4,168685
4,3,3,3,3,169391
5,4,4,4,1,169854
5,3,3,4,4,169949
5,4,5,4,5,170248
3,3,3,3,3,170487
5,5,4,3,1,170551
3,3,3,3,3,170758
4,3,3,3,3,172217
4,2,2,2,2,173067
5,5,4,4,3,173727
5,3,3,5,5,175320
5,5,4,3,2,175371
4,3,3,4,4,175445
5,5,5,5,5,175902
5,5,5,5,5,177089
3,4,4,4,2,177643
5,4,4,5,3,177892
5,5,5,5,4,177997
4,5,4,3,4,178312
4,4,4,4,4,178386
5,5,5,4,2,178593
4,3,3,3,2,178860
4,4,4,3,3,180244
5,5,5,5,5,181207
4,4,4,4,4,181357
5,4,3,4,3,182203
4,3,2,2,2,183227
5,3,4,5,3,183252
5,5,5,5,5,183880
4,3,5,2,2,184035
4,2,3,1,1,184043
3,3,3,3,2,184196
3,4,3,4,3,184705
1,3,3,3,3,185495
5,5,5,5,5,186061
5,5,4,3,4,186445
3,4,2,4,2,187515
4,5,5,5,4,187538
4,3,3,2,2,188190
4,5,4,4,4,189623
4,3,4,4,4,189887
5,5,4,5,4,190197
4,4,4,3,3,191760
4,4,3,1,2,193303
5,5,5,5,4,193387
4,4,4,4,4,194528
3,3,3,3,2,194631
3,2,3,2,3,197101
5,4,3,2,1,198845
4,3,3,3,3,198955
4,3,3,4,1,199435
5,4,5,3,4,200734
5,5,5,5,5,201086
5,4,3,3,3,201254
5,3,3,4,2,201388
5,5,5,5,1,201573
5,3,3,2,1,202273
3,3,3,3,3,203738
5,3,3,2,2,204922
4,3,4,4,4,205225
5,3,2,2,1,205302
4,4,4,4,4,206240
4,3,3,2,1,206808
5,5,5,5,5,207388
4,4,3,5,2,208579
4,4,4,4,3,210117
5,4,4,3,2,210185
4,4,4,4,3,212118
4,3,3,4,3,212794
4,4,4,4,4,212859
3,4,2,1,1,212867
5,4,4,4,2,214061
5,5,5,4,4,214191
4,4,4,4,4,214254
5,5,5,5,2,214729
3,3,3,3,2,216059
4,4,4,4,4,216190
5,5,5,5,4,216760
2,3,3,2,2,218199
4,4,3,3,2,219343
4,4,4,4,4,219410
4,5,4,5,4,220323
5,3,4,5,3,220512
5,5,5,5,4,221791
5,4,2,4,2,221936
3,3,3,4,3,222202
4,3,3,4,3,222417
4,5,4,4,4,222993
5,4,5,4,3,223213
3,3,5,4,3,223269
5,2,1,1,1,223423
4,3,3,4,4,223631
5,5,5,5,5,223958
2,2,2,3,1,224373
5,5,5,5,4,224547
4,4,3,3,2,224706
4,3,3,3,2,225972
5,5,5,4,3,226770
5,4,4,5,4,227461
5,5,5,5,5,227463
2,3,4,3,1,227799
4,4,4,4,4,227821
5,5,5,5,3,228300
4,4,4,4,4,228579
5,4,4,4,4,228820
4,3,3,3,3,228978
1,1,1,1,1,229971
4,2,3,2,1,230265
4,4,4,5,2,230966
5,4,3,5,4,232822
5,5,5,5,5,232951
5,4,4,4,4,233250
4,4,4,3,3,233647
5,5,5,5,5,233891
5,5,5,5,5,234517
5,4,3,5,3,234949
5,5,5,4,5,235851
4,5,5,4,3,236384
5,5,4,5,4,236507
4,3,3,4,2,237449
5,5,4,4,3,237585
5,5,4,4,4,237672
4,3,4,4,3,238188
5,5,5,5,5,238618
5,5,5,5,5,238647
4,4,3,2,3,238740
4,4,4,4,3,239262
5,4,4,5,3,240205
5,4,4,4,3,240989
5,4,4,4,4,243304
5,5,5,5,5,243619
5,5,5,5,5,244477
5,5,5,5,5,246119
5,4,3,5,3,246200
5,5,5,4,4,246733
5,4,4,4,4,246849
4,4,3,3,2,247234
4,3,3,4,3,247446
3,3,1,2,2,247797
4,4,4,4,4,248904
4,4,4,4,3,249030
5,3,4,4,4,249524
4,4,4,4,4,249637
5,5,5,5,5,249773
5,5,4,5,4,250059
4,4,4,4,3,251043
5,4,4,5,2,251123
5,5,3,5,4,251520
4,4,5,4,4,251613
4,2,3,3,1,252119
4,5,5,5,5,252689
5,5,5,5,5,253275
5,5,5,5,5,253785
5,5,5,5,4,256562
5,4,4,5,4,257923
5,4,5,4,1,258675
5,5,4,4,4,259348
5,5,5,5,5,260272
5,4,5,5,2,260986
5,5,5,5,5,261117
5,5,5,5,3,262134
4,4,4,4,3,264739
5,5,5,5,5,264988
5,5,5,5,5,265257
5,5,5,5,5,265699
4,5,5,5,4,266036
5,4,4,4,4,267231
5,5,5,5,4,268049
5,4,2,5,3,268143
5,4,3,3,3,268719
4,3,3,3,2,268813
4,4,4,5,2,269474
5,4,4,4,3,270049
4,4,3,4,3,270174
2,2,2,2,2,271085
3,3,3,3,2,271355
4,4,4,4,3,271453
4,4,5,5,5,271461
5,4,4,5,4,272299
5,5,4,4,3,272840
5,5,4,5,3,274954
4,5,5,5,5,275600
5,5,4,5,4,275803
5,4,3,4,3,275850
3,3,4,3,3,277223
4,4,4,5,4,277434
5,5,5,5,5,278671
5,4,4,3,3,279265
5,4,5,4,3,279629
4,4,4,4,3,279966
5,5,5,5,3,279996
4,4,4,4,3,280260
4,3,3,3,2,281729
5,5,4,5,5,281851
5,4,4,4,3,282654
4,3,4,4,4,282953
4,3,3,4,2,283468
4,4,4,4,4,284143
5,4,4,5,4,284322
5,4,5,5,3,284970
4,4,4,4,4,285971
4,4,3,3,4,286530
5,4,4,3,4,286783
5,5,5,4,1,288393
5,5,5,4,5,288443
5,4,4,3,3,288694
5,5,5,5,5,289136
4,5,3,3,2,289278
5,5,5,5,3,289961
4,3,3,3,2,290215
4,4,4,4,4,290588
5,4,4,4,3,290874
5,4,4,4,3,290916
5,5,5,5,4,291023
4,4,4,4,3,291213
5,4,2,4,2,291396
5,5,5,5,4,291443
5,3,3,4,4,291446
5,3,3,4,4,291728
4,5,5,5,5,292331
4,4,4,4,4,292480
5,5,5,5,5,293500
5,5,4,5,2,293708
5,5,5,5,5,293718
5,4,5,3,4,296149
4,4,4,4,2,297453
5,4,5,5,4,297809
5,4,4,5,3,297950
5,5,5,5,5,301501
5,4,5,4,3,301874
5,5,5,5,5,303002
5,5,5,4,4,303893
5,5,5,5,5,303948
5,4,4,4,4,304535
4,3,4,3,3,305344
5,3,3,3,3,305701
4,3,4,3,4,305733
5,2,2,5,1,306658
5,5,4,3,3,308308
3,3,3,3,3,308716
4,4,4,4,4,310259
5,5,5,5,5,311732
5,4,4,4,2,312695
5,5,5,5,5,313335
5,5,5,5,4,313419
5,5,5,5,4,314110
5,5,5,5,5,314379
4,4,4,4,1,314440
5,5,5,5,5,314656
5,4,4,4,5,314770
4,3,3,2,1,315168
4,3,3,3,3,316319
4,4,4,3,2,318920
4,5,5,5,2,319268
5,4,3,4,3,319526
5,5,5,4,4,320188
5,5,5,4,4,321089
5,5,5,5,5,321276
5,5,5,5,5,321613
5,5,4,5,3,321794
5,5,4,4,4,322009
5,5,5,5,5,322211
5,5,5,5,5,322499
3,4,4,4,4,322874
5,4,4,3,1,325451
4,3,3,2,2,325552
4,4,4,3,2,326121
4,4,3,3,3,327122
4,4,3,3,2,327691
4,4,5,5,4,327860
5,5,5,4,3,328433
5,4,3,3,4,329475
4,3,4,3,5,332487
4,4,5,5,5,332923
4,2,2,2,1,334222
4,3,3,4,3,334902
5,3,3,4,2,335946
5,4,4,3,4,335975
5,5,4,4,3,337431
5,5,3,4,2,337531
5,5,4,3,2,339066
5,5,5,5,5,339448
4,4,4,4,3,339616
3,4,4,4,4,340479
5,5,5,5,3,340849
3,3,4,4,3,341630
3,3,3,2,2,341649
4,4,4,4,3,342330
5,4,4,2,2,342510
3,2,2,2,2,344216
5,4,5,4,5,344549
3,3,3,3,3,345186
5,5,5,5,2,346880
4,4,4,4,3,347404
5,4,2,3,2,347686
5,5,3,4,4,348335
5,4,4,4,4,348476
3,3,3,4,3,350547
3,3,3,3,2,351559
4,4,4,4,3,351774
5,4,4,4,4,353477
5,4,4,4,4,354838
5,5,5,5,4,354885
5,5,5,5,4,354966
4,4,4,5,5,355319
5,5,5,5,5,357738
5,5,5,5,5,359054
4,3,3,3,4,359172
2,3,2,2,1,360005
5,3,4,5,4,360437
5,5,5,5,5,361141
5,5,5,5,4,362038
4,4,4,4,2,363680
5,4,5,4,3,364145
5,5,5,5,4,364618
3,3,3,3,3,365119
4,3,3,4,3,366233
4,4,4,3,2,366809
4,4,3,3,3,367933
4,4,3,3,2,368786
5,4,4,5,4,369335
5,5,5,5,3,369646
3,3,4,4,2,369976
5,5,3,4,4,370508
5,4,3,4,2,370668
3,3,3,3,1,370735
5,4,4,4,3,371701
5,5,5,5,5,371785
4,4,3,3,4,373619
3,2,3,2,1,374238
4,5,4,5,5,374380
5,3,3,3,3,374741
5,5,5,5,4,374858
5,5,3,3,2,376153
5,5,5,4,4,376600
4,4,4,3,3,376730
3,3,4,4,3,378348
4,3,5,4,4,378732
3,3,3,5,2,379411
4,3,4,3,3,379787
5,4,2,5,1,379952
5,5,5,5,5,380442
4,3,3,3,2,380505
3,4,5,4,2,380878
5,5,5,5,3,381518
1,1,1,1,1,381828
3,2,2,2,2,382891
5,4,4,4,3,383024
4,4,4,3,3,383766
5,5,5,4,5,385102
4,4,3,2,2,386156
5,5,4,4,3,386246
5,4,4,4,4,386947
5,5,5,5,5,386985
3,2,2,2,2,387418
5,5,5,5,5,387477
4,4,4,4,4,387689
4,3,3,3,3,387916
5,5,5,5,5,388418
5,3,2,2,2,388468
4,3,3,4,2,388547
4,4,4,4,3,388609
4,4,4,4,4,388643
4,5,5,4,4,390445
5,4,4,3,2,390505
5,3,5,5,5,390912
5,5,5,5,5,391562
5,4,4,2,2,392077
4,3,3,3,3,392312
4,4,4,4,3,393278
4,4,5,3,2,393730
5,3,3,3,3,393966
5,4,5,5,3,394125
5,4,4,1,1,394784
4,4,3,3,4,394895
4,5,4,5,4,395073
4,4,3,3,3,395179
5,5,5,5,5,396029
5,5,5,5,4,396212
5,4,4,4,4,396919
3,5,5,3,3,397212
5,5,5,5,2,397392
5,5,5,4,4,397549
4,4,3,3,4,397923
5,5,5,5,4,397948
5,5,3,2,2,398215
5,5,5,5,5,398371
5,5,5,5,2,400866
4,4,3,4,4,401887
5,5,5,5,3,402325
4,4,3,3,4,402413
3,3,2,3,2,402547
4,3,3,3,2,402949
5,5,5,5,1,403390
4,5,5,4,5,404516
4,5,5,4,4,404654
4,3,2,2,1,405285
4,3,3,3,1,406375
4,4,4,4,2,406673
5,5,4,4,3,406948
5,4,4,4,3,407115
5,4,5,4,3,407367
4,3,3,3,2,408284
4,3,3,3,2,408457
5,5,5,5,5,408765
5,5,5,5,5,409927
3,3,2,2,1,410206
5,3,4,3,3,411290
4,4,3,5,1,411747
5,4,4,5,2,412439
4,4,4,5,4,412460
5,5,5,5,5,413415
5,5,5,5,4,414560
4,3,3,4,3,415540
4,3,3,3,2,415641
4,5,4,3,4,416518
5,4,5,4,4,418323
5,5,5,5,5,419319
4,4,4,2,4,420266
4,4,4,5,4,420416
5,5,4,4,4,420970
4,5,5,5,4,421712
4,3,3,3,2,423990
3,3,3,5,4,424202
5,5,5,5,1,424513
5,5,2,3,1,424620
4,4,4,3,2,424678
4,3,5,5,1,424728
3,4,4,3,3,425238
4,3,4,3,1,426005
4,4,4,2,3,426070
5,5,5,5,5,426610
4,3,3,4,2,428558
5,5,5,5,5,428653
4,3,3,3,3,429045
5,4,4,5,1,429072
5,5,4,5,1,429116
5,3,4,4,3,430648
4,4,4,3,4,431326
5,4,4,3,1,431487
5,5,4,5,5,432130
5,3,4,3,3,432259
4,4,3,3,3,432806
4,4,4,5,4,433185
5,5,5,5,5,433762
5,5,5,5,5,433941
5,5,5,5,5,434101
5,4,4,4,4,435429
5,5,5,5,5,437371
4,4,3,4,3,437586
5,3,4,4,3,438369
5,4,4,4,4,438733
5,5,5,5,5,440111
5,5,4,5,3,440184
5,5,5,5,4,440463
4,3,4,3,3,440852
5,5,5,5,4,441281
3,3,2,2,2,441324
4,2,2,1,2,442234
5,4,4,4,4,442739
5,3,3,3,3,442865
5,5,5,5,5,445152
5,4,3,4,4,445423
4,5,5,5,5,445660
5,5,5,5,3,448168
4,4,5,5,2,449155
5,5,5,5,1,450924
5,5,5,5,2,451099
5,5,5,5,5,451177
5,5,3,4,3,453321
5,4,5,4,4,453501
4,3,3,2,3,456227
5,5,5,5,5,456361
5,5,5,5,5,456396
4,4,4,4,4,457097
5,5,5,5,1,458471
5,5,5,5,5,460871
5,3,4,3,3,461075
5,5,5,5,5,461371
5,4,5,4,4,462128
4,2,3,4,3,462171
5,5,4,5,2,464571
4,4,4,3,2,465717
4,4,4,4,4,465885
4,4,4,4,4,467182
4,3,3,3,3,467394
5,4,4,4,4,469828
5,5,5,4,3,470226
3,3,3,3,2,470672
5,5,5,5,5,471303
4,4,4,3,1,471422
4,3,3,3,3,472083
4,4,4,2,2,472452
5,5,4,3,3,472734
5,5,4,4,3,474566
3,3,4,5,1,474592
4,4,4,3,3,474631
4,3,3,3,1,474700
5,5,5,5,5,475278
4,3,3,3,3,475487
5,5,5,5,5,476039
4,4,3,4,3,476512
4,4,3,4,3,477158
5,5,4,4,3,477383
3,3,3,2,2,478215
4,5,4,4,3,478932
5,5,5,5,5,479376
5,5,5,5,5,479924
5,3,5,4,5,480115
4,4,4,4,4,481523
4,4,4,5,3,481813
4,4,4,4,3,482592
4,3,4,4,3,483018
4,4,3,3,2,483981
4,4,4,4,4,484407
3,3,2,3,1,484675
5,5,4,5,4,486205
5,2,1,1,1,486322
4,4,4,4,4,486822
4,3,3,4,2,487672
5,5,5,5,4,488477
5,5,5,5,5,488551
5,4,4,4,4,489223
4,4,4,4,4,489539
4,4,4,4,4,490432
5,5,5,4,4,491733
5,3,1,2,1,492058
5,5,5,5,2,492993
5,5,5,5,5,494440
5,2,4,4,1,494514
5,5,5,4,4,494658
1,1,1,1,1,495542
4,3,3,3,1,496645
5,5,5,5,3,497850
4,4,4,4,3,497900
5,5,5,5,5,499089
5,5,5,4,4,499961
4,3,4,4,3,500249
4,5,4,5,3,501068
4,4,4,4,4,501793
5,5,5,5,3,501862
5,5,4,5,5,502406
4,4,4,4,2,502758
4,4,4,3,4,504709
5,4,4,3,3,504981
4,4,3,3,3,505653
4,4,4,4,3,505875
4,4,4,4,4,507167
5,4,3,4,3,507301
5,5,4,3,4,508323
5,4,4,4,3,508927
5,4,4,4,3,509554
4,3,4,4,3,509683
4,3,4,4,4,511428
5,5,5,5,5,511539
4,4,5,3,2,511613
4,4,4,4,4,512303
4,4,4,4,3,512995
5,5,5,5,3,513120
4,3,4,4,3,513841
5,5,5,5,3,514829
3,2,4,2,1,515441
5,4,3,3,1,516036
5,5,5,5,5,516192
5,5,5,5,5,516240
5,4,4,3,3,516571
5,5,5,5,2,517727
5,5,4,5,3,518378
3,3,3,5,3,518807
3,3,3,5,4,518839
4,4,5,5,1,519545
5,5,5,5,5,519981
5,5,4,5,5,521738
5,5,4,3,4,522065
3,3,3,3,2,522710
5,5,5,4,4,524206
5,4,3,3,1,525127
5,5,4,2,1,525624
4,3,2,2,3,525666
5,5,5,5,4,526497
5,5,3,5,1,526579
5,5,5,5,5,526856
5,5,4,5,4,527592
4,5,3,3,3,528190
5,5,5,5,5,528735
4,4,3,2,2,528772
4,3,3,5,2,529760
4,4,3,3,3,529761
4,5,5,5,5,530211
5,4,3,3,3,530789
3,4,4,1,1,532583
4,3,2,2,3,533486
5,4,3,3,3,534933
4,4,3,4,3,535898
5,5,5,5,5,536967
4,5,5,5,3,537732
1,1,1,1,1,538214
5,3,2,2,2,538677
4,5,5,5,5,538972
5,4,4,4,4,539478
4,4,3,4,4,539868
3,3,3,3,3,540732
5,4,4,4,3,540778
3,3,3,3,3,541295
4,4,4,4,4,542907
5,3,3,4,2,544290
5,4,5,4,5,546137
5,5,5,5,2,546178
4,3,4,5,2,546332
5,4,3,3,1,547052
4,3,3,3,3,547341
3,3,3,3,1,549019
5,4,5,5,5,549416
3,3,3,3,2,549672
5,4,4,4,3,550777
4,4,4,3,3,550905
5,5,3,5,1,551584
5,3,3,3,3,551937
5,4,4,3,1,552107
5,5,5,5,5,554776
5,4,4,3,2,554929
5,5,5,5,5,555388
4,4,4,5,4,555666
3,3,2,2,2,556100
5,4,3,4,4,556776
4,4,4,4,4,557167
5,5,5,5,4,558480
5,4,4,5,1,558804
4,4,3,3,3,559119
5,4,2,2,1,560599
5,5,5,5,3,561533
4,4,4,4,4,561700
5,5,2,5,1,562085
5,5,5,5,5,562773
3,3,3,3,3,563264
4,4,2,3,3,564016
4,3,3,3,3,565839
5,5,5,5,4,566392
4,4,3,3,2,566842
5,3,3,3,3,567495
4,3,3,4,1,567866
5,4,4,4,2,570428
3,4,4,5,3,570686
4,4,3,4,3,572937
5,5,5,5,1,573073
5,4,4,4,4,573802
4,3,3,4,3,575455
5,4,3,4,3,576763
5,3,5,4,4,578191
4,5,4,3,3,578840
5,5,5,5,4,578848
4,4,4,4,4,578869
5,5,4,3,2,579190
5,4,4,3,4,579549
5,5,4,5,5,581893
4,4,4,3,3,581952
4,4,3,4,3,583086
5,4,4,3,1,583360
5,5,5,3,2,584722
5,5,4,4,4,584839
5,5,4,4,3,584913
5,4,3,3,3,585272
4,4,4,5,4,586372
5,4,5,4,2,586430
5,4,4,3,3,586724
4,4,4,4,1,587349
5,4,4,4,4,587473
5,5,4,5,3,587590
3,3,4,4,3,587812
5,3,3,4,4,588120
4,3,3,3,2,588399
5,4,3,2,3,588632
5,4,3,3,1,589682
5,5,5,5,5,590003
4,4,4,4,4,590905
5,4,4,4,3,590982
4,4,3,3,3,591064
5,5,5,4,3,592122
5,3,3,3,1,592734
2,2,2,2,2,593428
5,5,4,5,3,593440
4,4,4,4,3,593749
5,5,5,5,5,593862
5,4,4,4,5,593867
4,3,3,4,3,593886
5,4,4,5,4,594154
5,4,3,1,1,595778
4,3,2,3,3,596250
5,5,5,5,5,597639
3,4,4,3,4,598539
5,5,5,5,4,598699
5,4,3,2,2,598877
4,4,4,4,4,599328
4,3,3,3,3,600160
4,3,3,5,2,600546
4,4,4,3,3,602503
5,5,5,5,5,602642
4,5,5,5,5,603516
5,5,5,5,5,604083
3,4,4,4,3,606698
5,3,4,3,1,607188
5,5,5,5,5,608051
4,3,3,3,3,608114
5,4,4,5,2,608234
5,4,5,5,4,608392
5,5,5,5,2,608479
5,5,5,5,5,609437
2,3,4,4,2,609682
3,3,3,3,2,610014
5,4,4,5,4,610024
5,4,4,4,3,610915
4,4,4,3,1,611049
4,5,5,5,5,611360
4,4,3,4,3,611718
3,2,2,2,2,612111
5,5,4,4,3,612653
5,4,4,4,5,612786
3,3,3,3,2,613651
5,5,5,5,5,614978
4,3,4,3,3,616196
5,5,5,5,2,617031
5,5,5,5,4,617390
4,2,2,1,1,617970
5,5,5,5,3,618041
5,4,5,5,5,618720
5,4,4,3,3,620741
4,3,2,2,2,622419
5,5,5,5,5,622702
5,5,5,5,4,623496
5,3,3,3,3,624987
5,4,4,4,3,625067
4,4,4,4,2,625271
4,4,4,5,2,626090
4,4,4,4,4,627616
5,3,4,5,5,627975
4,4,4,4,2,628582
5,5,5,5,4,629227
4,4,3,3,2,629742
5,5,5,5,3,629874
5,5,5,4,5,630937
4,4,4,4,4,631747
4,4,4,5,3,632060
3,5,5,4,3,632584
3,3,4,4,4,633570
4,3,5,3,2,633738
5,4,3,4,4,634104
4,5,4,4,3,637475
5,5,5,5,5,637499
5,5,3,4,2,638020
4,5,4,5,4,640018
4,4,4,4,3,640455
5,5,5,5,5,641739
4,4,4,3,4,642036
5,4,3,4,1,644827
5,3,3,2,1,644875
4,4,4,5,4,645838
5,4,5,5,4,645846
4,3,4,4,3,646757
3,4,4,2,2,646771
3,3,3,4,3,647111
3,2,2,2,1,647979
4,4,4,4,4,649264
4,4,4,4,3,649906
5,3,3,4,2,649969
5,4,4,4,4,650890
3,3,3,3,3,651625
4,4,4,4,3,652797
5,5,5,5,5,652972
5,5,5,5,5,654401
4,4,4,4,3,654455
3,2,2,1,1,654591
5,5,5,5,4,654630
5,5,5,5,5,654843
5,5,5,4,4,655385
5,5,5,5,4,656323
4,4,2,2,2,656524
5,5,5,4,5,656977
5,5,5,5,2,657805
4,4,4,4,4,657985
5,5,5,5,2,658081
4,4,4,4,4,660837
5,5,4,5,4,661089
2,2,2,2,2,661571
4,5,3,2,1,661992
4,4,4,2,2,662478
4,4,4,4,4,664509
5,5,5,5,5,665372
5,4,4,3,1,665614
5,5,5,5,4,665934
5,4,3,3,3,666500
5,5,5,5,5,666611
5,4,4,4,4,666645
5,5,5,5,5,667438
5,4,2,1,1,668939
4,4,4,4,5,669340
5,4,5,5,5,669903
5,5,5,5,5,670382
5,5,5,5,3,670926
4,5,5,4,1,671612
4,3,4,4,4,672102
5,5,4,5,5,672941
5,5,5,4,3,673187
5,5,3,5,3,673582
5,5,4,4,2,674890
3,3,3,3,3,674927
5,3,3,3,2,674963
4,5,5,5,5,675283
4,4,4,4,3,675407
4,3,4,4,4,675410
4,3,3,3,3,676933
5,5,4,5,3,678552
5,5,5,5,5,678911
5,4,5,4,3,679869
4,4,4,4,4,679887
5,4,3,3,2,680045
4,3,2,4,3,680057
3,3,3,4,2,681701
5,3,3,3,1,682561
3,3,3,3,3,682695
5,5,5,5,2,682966
4,4,4,4,3,683254
4,4,4,4,3,683823
4,4,4,4,4,684488
3,3,4,4,2,684798
3,3,3,4,3,684850
4,5,4,1,2,685565
3,4,3,4,3,685687
5,5,4,5,2,685718
5,4,5,5,4,685802
5,5,5,4,4,686173
5,3,4,3,4,687769
4,4,4,4,4,688217
5,5,5,5,5,688753
4,3,3,3,4,691210
5,5,5,5,5,691735
5,5,5,5,5,692977
5,5,4,5,3,695091
4,4,4,4,3,695465
4,4,5,3,1,695541
5,5,5,5,4,696899
5,4,4,3,4,697889
5,5,5,5,5,698509
4,4,4,4,2,699044
4,4,4,4,4,699783
4,5,4,4,4,700005
5,4,5,5,5,700278
5,5,5,4,2,701678
3,2,2,1,1,702106
5,5,5,5,5,702244
5,4,3,4,3,703460
5,5,5,5,5,703577
4,3,3,4,1,703996
4,4,4,4,4,704041
5,5,4,4,2,704058
5,5,5,4,3,704342
5,5,5,5,2,704707
5,5,5,5,5,705595
5,4,4,4,3,705645
5,5,5,5,4,705770
5,5,5,4,3,706679
5,5,5,5,5,707217
5,5,5,5,5,707290
4,4,3,3,2,708157
5,5,5,5,5,708462
5,4,3,2,1,708630
5,5,5,5,3,709185
3,3,2,2,1,709817
4,4,4,4,4,712091
5,5,5,5,5,712297
3,3,3,3,3,714459
5,5,5,5,5,714802
5,5,3,5,3,715661
5,5,5,5,4,715806
5,5,5,4,4,716173
4,3,3,5,1,716448
5,5,4,5,5,716649
3,3,5,5,1,716943
4,5,4,4,5,717338
5,4,4,4,5,717542
5,5,4,2,3,717972
4,3,4,3,3,718012
3,3,3,3,2,718303
5,4,4,4,4,719156
5,4,4,4,5,719725
5,5,5,4,4,720503
5,5,5,4,3,722287
5,5,5,5,5,722289
4,3,2,2,1,722341
3,3,3,5,3,723161
5,4,4,3,3,724330
4,5,4,3,3,726006
2,1,1,1,1,727242
5,4,4,4,3,727449
5,5,5,5,3,728123
4,3,3,3,3,729150
3,3,3,3,3,729187
5,5,5,5,4,730027
5,4,4,4,3,730855
5,5,5,5,3,732153
5,5,5,5,4,732802
5,5,5,5,5,733049
4,3,5,3,1,733887
4,4,4,4,4,734347
4,4,3,4,3,735078
4,4,4,4,4,735636
3,3,4,4,2,736581
5,4,4,4,3,737391
5,5,5,5,1,738006
5,5,4,4,3,739340
4,4,4,4,4,740142
5,5,5,4,4,741512
4,4,3,3,3,741809
5,5,5,5,5,741840
5,4,5,4,5,741852
5,5,5,5,5,742791
5,5,4,4,4,743633
1,1,1,1,1,744546
5,4,5,5,5,746258
5,4,4,5,3,747035
4,4,4,4,3,748141
5,4,5,5,5,751283
5,2,2,2,2,751367
3,3,3,3,3,751446
3,2,2,1,1,752642
5,4,3,4,4,752696
5,5,5,5,5,752763
5,4,5,5,4,752853
4,3,4,5,3,752931
4,4,4,4,4,753090
4,5,5,5,5,753107
4,4,3,4,4,753231
5,4,3,4,5,753532
5,5,5,5,5,753555
5,5,5,5,5,753663
4,4,4,4,4,753907
5,5,4,4,4,753924
5,5,4,3,1,755939
5,4,4,5,4,756136
4,3,3,1,1,756211
5,3,4,4,2,756446
5,5,5,5,4,756493
5,5,5,5,5,757685
4,4,4,4,4,758383
4,4,4,4,2,759549
5,5,5,5,3,759581
5,5,5,5,5,759638
5,5,5,5,5,759737
4,4,4,4,4,760534
3,2,3,2,4,761014
5,3,2,2,2,761220
3,2,3,2,2,761379
5,5,5,5,5,761711
5,5,5,5,5,761741
5,5,5,5,3,762360
4,4,3,4,3,762783
5,3,4,3,2,764343
3,3,3,3,3,766982
4,4,3,4,2,766998
3,3,3,4,5,767691
5,3,4,4,3,767753
4,3,4,4,2,767816
5,5,5,5,5,768176
4,3,3,4,1,768366
5,3,3,2,1,768749
5,5,5,4,5,768810
1,1,1,1,1,768876
4,4,4,4,4,769235
5,5,3,4,4,770099
4,4,4,4,4,770926
3,2,2,2,2,771641
5,5,5,5,5,772197
5,5,5,5,5,772786
3,2,5,4,5,772825
5,3,3,4,3,775171
5,4,3,4,3,775463
4,4,4,4,4,775846
5,4,5,4,3,775895
3,3,2,2,2,776014
5,5,5,5,4,776383
5,5,5,5,5,776619
5,5,5,5,5,778665
5,4,4,5,3,779744
4,4,3,3,3,780253
4,4,3,3,3,780984
5,3,3,2,2,781709
5,5,3,3,3,782451
5,5,5,5,4,785768
5,4,4,4,1,786076
5,4,4,4,1,786612
4,4,5,4,4,786659
4,3,3,3,3,786731
3,3,3,3,2,787598
5,4,4,3,2,789014
4,4,3,2,1,791291
4,4,4,4,4,793113
5,5,5,5,3,793311
3,2,2,2,2,793892
4,3,4,4,4,794215
5,4,4,2,2,794657
3,3,3,3,3,794717
5,3,4,4,3,794805
4,4,4,4,4,794884
5,4,3,3,2,795043
4,4,3,3,1,795816
5,5,5,5,5,796447
5,4,4,4,4,797525
4,4,3,2,2,797705
4,4,4,5,3,797782
5,5,5,5,4,798104
3,3,3,3,3,798262
4,2,2,2,1,798296
5,5,5,5,2,798490
3,4,4,3,4,799300
4,4,4,3,3,799667
5,4,4,3,4,799817
4,3,3,5,5,801513
3,3,3,3,2,801573
3,4,3,3,3,802316
5,4,3,3,3,803489
4,4,4,3,2,803610
5,5,5,5,5,803734
5,5,5,5,5,804027
5,5,4,5,4,804034
5,5,5,5,5,804044
3,3,2,3,2,805343
3,3,3,3,3,807864
5,4,4,3,3,807890
5,5,5,5,5,808169
4,1,1,1,1,808604
4,4,4,4,4,808820
5,5,5,5,5,809033
4,5,4,4,4,809831
4,5,4,5,5,809966
5,5,5,4,4,810093
5,4,5,5,2,810392
5,5,5,5,4,811057
5,5,5,5,3,811486
2,3,3,3,3,811535
5,5,5,5,5,811759
5,4,4,4,5,814304
3,3,4,3,3,815418
3,3,4,5,3,815734
5,5,5,5,4,816240
4,4,4,4,3,816504
4,3,2,2,2,817339
5,5,5,5,3,818484
5,2,1,2,2,818752
3,3,4,4,2,820230
5,5,5,4,4,820568
5,5,5,5,4,821072
5,5,5,5,4,821220
5,5,5,5,5,821315
4,4,3,3,3,822140
5,5,5,5,5,823157
5,3,4,4,2,823520
5,5,4,3,2,823628
4,5,5,5,2,823666
5,5,4,5,3,823891
5,5,5,4,3,823937
5,5,5,5,5,824828
4,5,5,5,5,825002
5,4,3,4,4,825819
4,4,4,4,4,826212
5,4,5,4,5,827136
5,5,5,5,5,828045
4,3,5,3,3,828349
5,4,5,5,1,828355
5,3,4,4,2,828444
4,4,3,3,3,829945
4,4,4,4,4,830052
3,3,3,3,3,830370
5,5,4,5,4,831272
5,5,5,5,5,832270
4,4,4,4,3,832701
5,5,5,5,4,832833
4,3,2,2,2,832959
4,4,4,4,4,833704
4,5,4,5,3,833998
5,5,5,5,5,834131
5,4,3,5,4,834412
4,4,4,4,4,835353
4,1,3,1,1,835847
4,3,2,1,1,835869
4,4,4,3,3,835881
3,3,3,2,3,836050
4,4,4,5,3,836219
5,5,5,5,5,838130
4,4,3,3,4,838366
5,4,3,3,2,838773
5,4,4,4,3,838868
5,5,5,5,4,840543
4,4,5,4,2,841620
5,4,4,3,2,841955
3,3,3,3,3,842341
5,4,4,5,3,842458
1,1,1,1,1,842610
5,4,4,4,4,843387
4,4,3,3,3,843523
5,3,3,4,4,844049
2,2,2,2,2,844459
4,3,3,2,1,845192
5,5,5,5,4,845653
5,5,5,5,5,847083
2,2,2,2,2,847313
5,3,3,3,3,848872
5,4,4,4,4,849565
5,5,3,5,5,849646
5,4,5,5,1,850067
5,5,5,5,5,850660
4,5,4,4,4,851111
5,5,5,5,2,851370
5,3,3,4,3,851463
3,3,3,3,2,851848
5,5,5,5,3,853484
5,5,5,5,4,853942
4,4,4,4,3,854274
5,4,3,4,3,855091
4,3,4,4,1,856315
5,5,4,4,5,856563
5,5,5,5,5,857132
3,4,4,4,2,857778
5,5,5,5,5,858362
3,3,3,4,3,858841
5,5,5,5,4,859650
5,5,4,4,4,860520
5,5,5,5,5,861532
5,4,5,5,3,862706
4,4,4,4,2,862850
4,2,3,3,4,864172
4,4,3,2,1,864192
3,4,4,4,4,864647
4,4,4,4,3,865027
4,3,3,4,4,865622
5,2,4,3,1,866995
5,5,5,5,5,867311
3,3,3,3,2,868973
4,3,3,3,3,869426
4,4,4,4,3,871348
4,3,3,3,4,871533
5,4,3,3,2,872232
4,4,4,3,4,872882
5,4,4,4,1,873713
4,4,3,3,2,874550
4,5,5,5,5,874732
5,5,5,5,5,874759
5,4,4,3,1,874797
5,5,5,5,5,875404
5,5,5,5,4,875754
5,4,5,5,5,876005
4,4,4,4,3,876661
5,4,3,4,3,877068
5,5,5,5,5,878073
4,4,3,3,3,878633
4,5,5,5,5,879028
5,2,3,3,3,879131
4,3,3,3,3,879236
5,5,5,4,2,879487
3,3,4,4,2,879760
4,4,3,4,4,879912
3,5,5,5,5,880097
5,5,4,4,4,881004
5,4,4,3,2,881355
4,4,4,4,4,881622
3,3,2,2,2,884078
5,5,5,5,4,884640
4,3,3,4,1,885257
4,3,4,4,4,885386
5,5,5,5,4,885543
4,5,4,5,4,885635
5,4,4,3,1,886998
4,4,4,4,2,889383
5,5,5,5,5,889674
5,5,5,4,3,889724
3,4,2,2,2,893014
5,5,4,5,5,893731
3,5,5,4,2,893984
5,5,5,5,5,894789
5,3,3,4,3,895443
5,5,5,5,5,895732
5,5,3,3,1,896231
4,4,4,4,3,897125
4,4,4,4,3,897816
4,5,5,5,5,897867
4,4,4,4,3,898119
5,5,5,5,5,898629
5,4,3,3,2,898642
4,4,3,4,1,898844
4,5,5,4,3,900046
4,3,3,3,3,901520
4,4,4,4,4,902828
3,4,2,5,4,903138
5,5,5,5,5,903145
3,3,4,2,2,903394
5,5,4,3,3,903758
5,5,5,5,5,904084
5,3,4,4,2,904391
4,4,4,3,2,905624
5,5,5,5,5,905676
4,2,1,1,1,905922
5,5,5,5,5,906476
5,5,5,5,5,906574
5,5,5,5,4,907004
4,4,4,4,4,907490
3,3,4,4,2,907650
4,4,4,4,3,908205
3,3,3,4,3,909167
4,3,4,1,2,909374
3,3,3,3,3,910059
3,3,3,3,3,910295
4,4,3,4,3,910792
3,3,3,3,2,910979
4,3,3,5,2,911021
4,3,3,3,2,911828
5,4,2,4,5,912209
5,5,5,5,5,912401
5,5,5,5,4,912542
5,5,5,5,5,912687
4,4,3,4,4,913920
4,3,2,2,2,913973
2,3,2,2,2,914508
4,4,5,5,1,915193
5,5,5,5,5,915259
1,1,1,1,1,915926
4,3,3,3,3,916727
5,4,4,4,3,917008
5,5,5,5,5,917118
3,3,3,3,3,917559
4,4,3,3,2,917571
5,5,5,5,4,918020
5,5,5,5,2,918897
5,3,5,5,5,920065
4,2,2,2,1,920088
4,4,4,4,3,920912
5,5,3,5,5,920932
4,1,1,1,1,921528
5,4,4,3,2,921783
5,5,5,5,5,922289
3,2,3,2,4,922922
5,5,5,5,5,923074
4,4,5,5,5,923517
4,3,2,2,1,923889
3,3,3,3,1,923912
4,5,4,5,4,924421
4,4,3,4,2,924576
5,5,3,3,3,924765
5,4,5,5,4,924922
4,3,3,3,3,924960
4,4,4,4,4,925446
5,5,5,5,5,926392
3,3,3,2,2,926921
5,3,4,4,4,927240
4,3,3,3,3,927338
5,5,5,5,5,927734
5,4,4,5,4,928057
4,3,3,3,2,928636
5,5,5,4,1,928837
5,5,5,5,5,929092
5,5,5,5,5,929247
4,4,4,4,2,929407
4,3,3,2,2,931232
5,5,4,4,2,931256
4,4,3,2,2,933091
5,5,5,5,5,933206
5,5,5,5,5,933255
5,5,5,4,4,933440
5,5,4,3,5,933819
4,4,3,3,2,933855
4,4,4,4,4,933895
5,4,4,5,2,934006
4,4,4,3,3,934339
5,4,3,5,4,935060
5,4,5,4,4,935413
4,4,4,3,4,935732
5,5,5,5,5,936393
5,5,5,5,5,937784
3,3,3,5,1,938804
4,4,3,3,2,939653
2,4,3,3,3,939816
4,3,3,3,3,940434
4,4,5,5,2,940917
4,4,4,5,3,941366
4,4,3,3,4,941600
5,5,2,2,1,942016
5,4,4,5,4,942334
5,5,5,5,5,942523
4,4,4,4,3,944189
5,5,5,5,5,945583
5,4,3,3,4,946314
2,2,2,2,2,947816
3,4,4,4,3,948208
5,4,4,3,2,948558
4,4,4,4,4,948572
4,4,4,4,4,948848
5,3,3,2,2,949240
5,5,5,5,5,949442
5,5,5,5,2,949604
5,4,4,5,3,950358
5,5,5,3,3,950589
4,4,4,4,2,950733
5,5,5,5,5,951800
4,3,2,2,1,952156
5,3,3,4,3,954289
5,5,5,5,5,957334
5,4,4,5,4,959339
4,4,4,4,5,959443
4,4,4,3,3,960004
5,4,4,2,2,960007
4,4,4,4,5,961971
5,5,5,5,5,962019
2,2,2,2,2,962098
3,1,2,1,1,962164
5,5,5,5,3,962224
5,4,4,4,3,962276
5,4,5,4,3,962445
3,3,3,3,3,962564
4,4,3,3,3,962631
5,4,3,3,2,962779
5,5,5,5,5,964306
4,4,4,3,4,966992
5,4,4,4,2,969210
4,3,4,4,4,969239
3,3,3,5,4,970174
4,3,4,4,3,970433
4,4,4,4,4,970561
4,3,3,2,2,971052
4,4,4,3,4,972290
5,4,3,2,1,972437
5,5,5,5,5,972602
5,5,5,5,5,973280
5,4,3,5,4,973453
5,5,5,5,5,973853
5,3,3,3,3,974402
4,4,4,4,3,974588
5,4,3,2,3,975592
5,5,5,5,5,975600
5,5,5,5,5,976192
5,5,5,5,5,976385
5,5,5,4,4,977703
4,5,5,4,3,977932
5,5,5,5,3,978046
5,5,4,4,4,978501
4,3,4,4,4,978667
5,4,4,3,2,979832
5,5,4,4,4,980043
5,5,5,5,5,980181
5,4,5,3,4,980280
5,5,3,3,3,981199
4,4,4,4,4,981753
5,5,5,5,5,981995
5,4,3,2,1,982098
5,4,4,5,5,982594
4,3,4,4,4,982689
4,3,4,3,3,982875
5,5,5,5,5,983389
5,5,5,5,4,983534
5,4,4,5,3,983990
5,4,4,4,4,984366
5,4,4,5,4,984815
4,5,4,5,3,986378
5,4,4,5,3,986961
4,4,4,4,4,987078
5,5,5,5,3,989264
3,4,4,3,1,989327
4,4,4,4,4,992021
5,5,5,5,3,993220
4,3,1,2,1,993550
4,4,5,5,4,993696
4,4,4,4,4,993775
5,5,5,5,3,994269
4,3,3,4,4,995925
5,5,5,5,3,995935
4,3,3,4,3,997702
3,3,3,4,2,998059
4,4,3,4,3,998865
5,5,5,5,5,999451
4,3,4,4,3,999504
4,2,1,1,1,1000192
4,3,3,2,1,1000779
5,4,3,3,2,1002367
1,1,1,1,1,1002509
5,5,5,5,5,1002696
4,5,5,5,3,1002943
5,5,5,5,4,1003661
4,4,3,2,4,1003804
5,4,5,5,3,1003840
1,1,2,4,1,1003874
5,4,3,2,2,1006156
5,5,5,5,5,1006269
3,4,4,4,3,1006739
5,5,5,5,5,1007057
4,2,3,4,3,1007328
4,5,5,5,3,1007515
5,4,3,4,3,1007545
5,5,5,5,3,1007577
4,4,4,5,2,1009182
4,4,4,4,4,1011236
3,3,3,4,3,1011794
5,5,5,5,5,1012086
4,3,3,5,1,1013321
5,5,4,5,2,1014412
5,5,5,5,3,1014875
5,5,3,5,2,1014939
5,5,4,4,2,1014949
3,4,4,4,3,1016403
4,4,3,4,2,1016721
5,4,3,4,3,1017411
4,4,4,4,4,1018296
5,5,5,5,5,1020125
4,4,4,3,3,1020195
5,4,4,4,4,1020688
5,4,4,3,4,1020745
5,5,5,5,5,1021737
4,3,3,4,1,1022711
5,5,5,5,4,1023324
5,4,4,4,2,1024066
4,4,4,4,3,1026162
5,4,4,4,4,1026933
3,4,4,4,1,1028078
5,4,4,5,5,1028463
2,1,1,1,1,1029833
4,4,4,4,2,1030316
5,4,4,4,4,1030342
5,5,5,5,4,1030363
5,5,5,5,3,1030634
4,3,4,4,3,1030857
5,5,5,4,3,1032533
4,4,3,3,2,1033437
5,4,3,4,3,1033971
4,4,4,3,3,1034714
5,4,4,4,3,1035650
4,3,3,3,3,1036350
5,5,5,5,4,1037454
4,4,4,4,1,1038488
5,4,4,4,3,1038880
5,5,5,5,2,1039848
4,4,4,4,3,1039869
5,5,5,5,5,1040397
5,5,4,4,4,1040924
5,4,4,4,3,1041084
4,4,3,3,1,1041187
5,4,4,3,2,1041552
5,3,3,3,3,1041650
5,4,5,4,3,1042368
5,5,4,4,4,1042614
5,4,4,3,3,1042753
5,5,3,4,2,1042938
5,5,4,5,2,1043192
5,3,3,4,5,1044055
3,2,1,1,3,1045879
5,4,4,4,2,1046839
3,4,3,4,3,1047388
4,3,3,3,2,1048014
5,5,4,5,3,1048389
4,4,3,3,3,1049260
4,4,3,4,4,1051871
5,5,5,5,5,1051945
5,5,5,4,2,1052040
4,4,4,4,4,1053421
5,5,5,5,5,1053466
4,4,4,5,3,1053871
4,3,3,3,3,1054695
5,4,4,3,3,1054783
4,4,4,5,3,1055456
5,5,5,5,4,1056948
5,5,5,5,5,1058408
3,4,4,4,3,1058639
4,4,4,4,3,1059194
3,2,2,2,1,1059710
5,5,5,5,1,1061195
5,4,4,5,4,1062016
3,3,4,3,3,1062725
5,5,5,5,4,1063117
4,4,4,4,4,1064587
4,4,4,4,2,1064665
4,2,4,2,1,1066071
3,3,2,1,1,1066926
5,4,3,3,1,1068475
5,5,5,5,5,1069802
5,5,5,5,5,1070779
5,5,5,5,5,1071238
5,5,5,5,5,1071313
4,4,3,4,4,1071510
5,5,5,5,5,1071849
5,5,5,5,5,1071856
3,3,4,4,4,1072312
4,4,3,3,3,1073229
4,5,4,4,2,1073935
5,5,5,5,5,1074305
5,4,3,5,2,1076087
4,4,3,4,4,1076106
5,4,5,5,5,1076417
5,5,5,4,4,1076511
4,4,5,5,2,1076619
4,4,4,4,4,1078032
3,3,3,3,3,1078333
5,4,5,5,2,1078536
5,3,3,2,1,1081292
5,4,4,4,2,1081910
5,5,4,4,4,1083037
4,4,3,4,3,1083720
5,5,4,5,3,1084311
4,4,4,5,4,1084515
4,3,3,5,3,1086329
5,5,5,5,5,1087416
5,5,5,5,5,1088005
5,5,5,4,4,1088153
3,2,3,4,2,1088988
5,3,3,2,3,1089070
3,2,2,2,1,1089664
4,3,4,4,4,1089687
5,5,3,4,3,1090319
5,3,3,3,1,1090911
5,5,4,4,5,1092047
5,5,4,3,3,1092131
5,3,4,4,4,1092677
5,5,3,4,1,1093724
4,4,4,4,3,1094019
5,5,5,5,5,1094265
2,1,1,1,1,1094702
5,5,5,4,2,1094786
5,4,3,5,2,1097327
5,5,4,4,3,1097750
5,4,4,5,4,1098018
5,5,5,5,5,1098048
4,3,4,4,2,1098431
4,5,5,4,1,1098977
5,5,5,4,2,1099833
5,5,5,5,5,1100810
5,5,5,3,2,1100906
4,4,4,4,4,1101079
4,4,4,5,3,1101924
5,5,5,5,5,1102418
4,4,4,4,4,1105071
5,4,5,5,4,1106280
5,5,5,5,5,1106910
4,3,3,4,3,1106982
4,4,4,4,4,1107022
4,4,4,4,4,1108432
3,3,3,3,2,1110156
4,4,3,2,2,1111964
4,4,4,4,3,1112029
4,5,5,5,5,1112779
4,5,5,4,4,1114324
4,4,4,3,1,1114362
5,4,4,4,4,1114821
5,3,3,3,3,1115451
3,3,3,3,1,1115828
5,3,4,5,4,1116502
5,5,5,5,5,1116538
4,4,4,4,2,1116907
5,4,4,3,3,1117036
4,4,4,4,1,1117136
5,5,5,5,5,1117207
5,5,5,5,5,1117811
5,5,5,4,4,1117954
4,4,3,5,3,1119323
4,3,3,4,3,1119705
5,4,4,4,5,1120091
4,4,4,5,5,1121304
3,3,3,3,2,1123394
4,4,4,5,3,1124100
2,3,3,4,3,1124272
4,4,4,4,3,1124804
5,5,5,5,5,1125150
5,5,5,5,5,1126751
5,5,5,5,5,1127829
5,4,4,4,4,1127936
4,4,4,3,3,1128484
5,4,5,4,5,1130100
3,3,2,2,2,1130133
4,3,3,3,3,1130820
3,2,2,2,2,1131186
5,5,5,5,4,1131695
3,4,4,4,4,1132128
5,5,3,3,4,1134670
4,3,3,2,2,1135154
5,3,4,4,4,1135904
5,5,5,5,5,1136740
5,4,5,4,2,1137719
4,4,4,4,2,1139610
5,4,5,5,1,1141124
3,3,3,4,4,1141621
4,3,3,4,3,1142091
5,4,2,3,1,1142380
5,5,5,5,5,1143068
5,4,3,2,1,1144139
5,5,4,5,3,1144917
5,4,4,4,4,1146013
4,4,3,3,4,1146375
4,4,3,3,3,1146551
3,3,3,3,3,1146632
4,4,4,2,1,1146704
5,5,5,4,4,1147208
5,5,5,5,3,1147876
3,3,2,3,2,1147908
5,5,5,5,5,1149153
4,4,5,3,5,1149566
5,5,5,5,5,1151698
4,4,3,3,2,1152644
5,4,4,3,4,1152933
4,5,4,5,4,1153492
4,4,4,4,4,1154027
4,2,2,2,1,1155552
4,4,4,4,3,1156933
4,4,3,4,2,1159276
5,3,4,4,2,1159376
5,5,5,5,4,1159506
4,4,4,4,3,1159608
5,4,4,3,2,1159695
4,3,4,5,5,1159968
4,4,4,4,4,1160801
5,3,3,5,3,1162007
4,2,2,2,2,1165740
4,3,4,4,4,1166613
4,5,5,5,5,1168000
4,4,4,4,4,1168494
3,4,4,4,4,1168926
5,5,5,5,4,1169441
4,4,4,5,3,1169732
5,4,4,3,3,1169809
4,3,2,2,1,1169855
5,5,5,4,5,1170093
5,5,5,5,5,1170335
3,4,4,4,2,1172177
3,4,4,4,2,1172502
4,5,5,5,4,1172980
2,2,3,3,4,1174079
4,5,4,4,1,1174364
4,4,4,3,3,1174530
4,4,3,3,3,1174811
4,4,3,3,3,1175389
4,3,3,3,3,1175391
5,4,5,3,2,1176119
5,5,5,5,5,1176164
5,5,5,5,5,1176203
5,5,5,5,5,1176326
5,5,5,5,3,1176404
5,5,4,4,2,1177271
3,3,3,3,3,1177427
4,3,2,1,1,1178004
4,4,5,4,5,1178284
4,3,3,4,2,1178330
5,5,5,5,5,1178384
4,4,5,4,3,1178938
5,5,4,5,3,1179646
2,2,2,2,2,1180066
5,5,5,5,5,1180529
5,4,4,5,3,1181056
5,5,5,5,5,1181089
3,2,3,3,2,1181480
4,3,3,3,3,1181550
5,5,4,5,3,1182857
5,3,3,4,4,1183437
5,5,5,5,4,1183833
4,4,3,2,1,1183856
4,3,2,1,1,1184537
5,5,5,5,4,1185346
4,4,4,4,4,1187676
4,3,3,3,2,1187749
3,4,4,4,1,1188248
5,4,3,4,2,1189183
4,4,4,4,4,1189588
5,4,5,5,2,1190685
3,4,4,5,3,1190868
5,5,5,4,1,1191122
5,4,3,5,3,1191362
4,4,4,4,4,1193130
5,5,5,5,5,1193872
5,5,5,5,4,1193934
5,5,4,5,2,1194439
4,4,4,5,3,1194759
4,4,4,3,4,1195863
1,1,1,1,1,1197493
4,4,4,4,4,1200461
5,5,5,5,2,1200752
4,3,3,3,2,1201294
5,5,5,5,5,1201455
4,4,3,3,3,1201867
4,5,4,4,4,1203374
5,5,5,5,5,1203610
5,5,5,4,4,1203811
3,3,4,4,2,1203859
3,4,4,4,3,1204497
4,3,3,3,3,1204886
4,4,4,4,4,1205174
5,4,3,3,4,1206156
3,2,2,2,2,1207170
4,4,4,3,4,1207277
5,5,3,3,3,1207437
5,4,5,5,4,1207791
4,4,4,4,3,1208836
3,3,3,2,2,1209405
5,5,5,5,5,1210159
5,5,5,5,5,1210948
5,4,5,4,5,1211016
5,5,5,5,5,1211228
5,3,4,3,3,1213587
4,4,4,5,3,1214262
5,4,5,5,4,1214543
2,2,1,1,1,1215076
5,2,4,3,2,1215709
4,5,5,5,5,1216371
5,5,5,5,3,1217751
5,5,5,4,4,1217870
5,3,2,4,2,1217922
5,5,5,5,5,1218671
5,4,4,3,3,1219191
5,5,5,5,5,1219457
4,3,3,3,3,1220170
4,4,4,5,3,1221388
5,5,5,5,5,1222180
5,3,3,3,2,1223664
5,5,5,5,5,1223966
4,3,3,3,3,1225682
5,5,5,5,5,1225759
5,5,5,5,5,1226921
5,3,3,2,1,1226928
2,2,2,1,1,1227322
3,3,3,3,2,1227638
5,5,5,5,5,1227725
4,2,2,2,1,1227730
5,5,5,5,5,1229061
5,5,3,2,1,1229388
5,5,5,5,4,1229449
5,4,5,5,5,1229674
4,4,4,3,4,1230271
5,4,4,3,1,1230594
4,4,5,5,3,1230814
5,5,5,5,4,1231291
5,4,4,4,3,1231842
5,5,5,5,3,1232194
5,5,4,4,4,1232251
5,5,5,5,5,1232615
5,4,4,4,4,1232666
5,5,5,5,3,1232733
5,4,3,3,2,1233297
5,5,5,5,5,1233335
5,4,4,4,4,1234055
4,2,5,4,3,1234342
3,3,3,5,2,1236887
5,4,4,4,3,1237971
5,5,5,5,5,1238641
5,5,5,5,5,1239541
4,4,4,4,4,1240206
5,4,5,5,5,1241706
3,3,3,3,3,1242044
5,5,3,3,2,1242406
5,5,3,5,3,1245387
4,3,5,3,5,1247208
5,5,2,4,3,1247473
5,4,3,3,1,1247574
5,5,5,5,5,1249577
5,4,3,3,4,1249773
4,3,3,3,3,1250700
4,4,3,4,3,1250802
3,3,4,4,3,1251028
5,5,4,5,3,1251388
3,3,3,4,4,1253144
5,5,3,5,3,1254445
4,3,3,4,3,1255348
3,2,1,2,1,1255703
4,5,5,5,4,1256475
4,3,3,3,2,1256482
4,3,3,3,1,1257450
4,3,3,3,3,1257454
3,3,3,3,2,1258009
5,5,5,5,3,1258342
5,5,4,5,4,1258770
4,4,5,5,4,1259456
5,4,4,5,4,1259776
4,3,2,3,3,1260915
5,5,5,5,5,1262073
5,4,5,5,4,1262235
5,4,3,3,2,1262307
3,4,3,3,4,1262753
5,5,5,5,5,1262782
5,5,5,5,5,1263557
4,4,4,4,4,1264009
4,4,4,3,3,1265131
5,5,5,5,5,1266272
5,5,5,5,5,1266589
3,4,4,4,4,1266684
5,4,4,4,4,1267860
5,4,3,4,3,1268699
4,4,4,4,4,1269359
5,4,3,4,3,1269960
3,2,1,1,1,1270111
5,5,5,5,5,1270812
5,5,5,5,5,1270839
5,5,5,5,5,1271103
5,5,5,5,5,1271194
4,4,4,4,3,1271816
5,5,5,5,5,1272127
4,3,4,4,3,1273206
5,5,5,5,5,1273299
5,5,5,5,2,1273962
4,3,3,2,2,1275089
5,4,5,5,4,1275168
5,5,5,5,4,1275500
4,3,5,5,4,1276353
4,4,5,4,4,1276913
5,5,5,5,5,1277601
5,5,5,5,5,1277665
5,5,5,5,4,1277779
5,5,5,4,1,1277993
5,3,3,5,3,1278244
5,4,4,4,3,1278468
5,5,5,5,3,1278588
5,5,5,5,1,1278882
4,4,4,3,4,1279821
5,3,3,2,1,1280761
5,4,4,4,3,1282169
4,3,3,3,3,1282217
3,3,3,3,3,1283757
4,4,4,5,5,1284016
5,5,5,5,5,1284515
2,2,2,2,2,1286407
4,4,3,3,1,1286787
4,4,5,5,3,1287017
4,4,3,4,4,1287029
5,5,5,4,4,1287203
5,5,4,5,3,1287593
5,5,5,5,5,1287974
3,3,4,4,2,1288321
1,1,1,1,1,1288346
5,4,4,4,3,1288627
5,5,5,5,4,1288835
5,5,5,5,3,1289457
4,4,4,4,4,1289515
5,3,2,4,3,1289999
4,4,4,4,3,1290156
4,5,4,5,4,1290593
5,5,5,5,5,1290944
5,5,5,5,5,1291587
5,3,3,3,2,1292165
4,4,3,4,3,1293202
5,4,4,5,5,1294569
5,5,5,5,5,1294582
4,5,3,4,4,1294583
5,4,4,5,5,1294671
5,5,5,4,5,1295263
5,5,5,5,4,1296679
4,5,5,3,2,1297324
5,5,5,5,4,1298190
5,4,4,4,4,1298511
5,4,4,3,1,1298564
4,4,5,3,4,1299035
4,3,3,3,2,1299338
3,2,2,3,1,1299572
5,5,5,5,4,1299611
5,5,4,3,3,1300582
4,4,4,3,2,1300759
5,5,5,5,4,1301764
5,5,4,4,2,1302375
5,4,4,4,4,1302886
5,4,4,4,1,1302968
3,3,4,3,2,1304749
5,5,5,5,5,1305000
4,5,3,4,1,1305159
4,4,4,5,4,1305234
5,5,5,5,4,1305872
4,5,5,5,5,1306957
4,3,2,2,1,1308068
5,5,5,5,2,1309663
5,5,5,5,5,1309838
4,4,4,3,4,1310177
5,4,4,4,4,1310250
5,5,5,5,4,1310425
5,5,5,5,4,1310883
5,4,3,3,4,1312016
4,4,4,4,4,1312501
5,5,5,5,5,1313126
4,4,4,4,4,1314491
5,5,5,5,4,1315927
3,3,3,3,5,1316174
5,4,4,4,3,1316230
3,2,2,2,1,1316671
5,5,5,5,5,1316887
4,3,4,5,3,1317871
4,5,4,5,5,1319012
5,5,5,5,5,1320082
5,5,5,5,5,1320147
4,3,5,4,4,1320774
5,4,4,5,2,1321481
5,5,5,5,5,1323156
5,5,5,5,5,1323985
5,5,4,4,3,1324057
4,4,5,5,5,1324097
4,4,4,4,4,1324891
5,5,5,5,5,1325843
4,3,3,3,2,1325938
5,4,3,4,4,1325977
5,3,4,4,3,1326640
4,4,3,3,1,1326993
4,4,4,4,3,1327341
5,5,5,5,4,1327486
4,4,4,3,2,1327727
4,4,4,4,4,1327781
4,3,4,3,2,1327900
5,4,4,2,4,1328011
4,4,4,4,3,1328954
2,2,2,3,1,1329904
4,5,5,5,5,1329970
4,4,4,3,4,1330537
5,4,4,3,3,1331553
5,5,5,5,4,1333118
5,5,4,4,4,1333220
3,3,3,2,2,1334853
5,4,3,4,2,1339269
4,4,4,5,5,1339769
5,5,4,5,4,1340358
5,4,3,2,2,1340377
5,5,4,4,4,1340927
4,4,4,3,4,1341028
4,4,4,3,2,1341033
4,4,3,4,3,1341505
4,4,3,4,3,1341758
3,3,3,4,2,1342865
5,5,5,5,5,1343223
5,5,5,5,3,1344197
5,4,3,4,1,1345597
4,5,4,4,4,1346439
5,4,4,4,1,1348524
5,4,4,3,3,1348913
4,4,4,4,2,1349711
4,3,4,3,2,1351064
4,3,4,3,3,1352747
5,4,5,5,5,1352912
5,5,5,5,4,1352917
4,4,4,3,4,1354076
4,4,4,4,2,1354427
5,5,5,5,4,1354814
5,5,5,5,5,1355023
5,5,4,4,4,1356239
5,5,5,5,2,1356381
5,2,2,2,2,1357072
5,4,3,3,1,1357619
5,3,3,5,5,1357695
3,3,2,2,2,1357786
5,4,3,4,3,1358164
4,4,4,4,1,1358358
4,4,4,4,3,1359075
5,3,3,5,3,1360042
3,3,4,4,3,1360173
5,4,4,5,2,1361091
5,5,5,5,4,1361167
4,4,4,4,4,1361278
2,3,3,3,1,1362044
5,5,5,5,4,1362091
4,4,4,5,2,1362421
3,3,3,3,3,1363059
5,5,2,2,3,1363282
5,5,4,3,2,1363646
4,4,4,4,5,1364631
4,4,4,4,4,1365750
5,5,5,5,5,1365840
4,4,4,4,3,1367101
5,4,4,5,3,1367834
4,5,5,4,3,1369118
5,5,5,5,4,1369395
5,5,5,5,5,1369902
5,5,5,5,4,1370157
5,3,4,4,4,1371451
4,3,3,4,3,1372678
5,3,5,3,3,1373951
5,4,3,3,2,1374197
5,4,5,4,4,1374704
4,3,3,5,3,1375172
4,3,2,2,3,1376266
5,4,2,2,1,1376923
5,5,4,4,3,1377526
4,4,4,4,4,1377808
5,5,4,4,3,1377886
5,5,5,5,4,1378330
5,5,5,5,3,1378386
5,5,5,5,5,1379133
5,5,5,5,5,1379159
5,3,3,3,2,1379311
5,5,5,2,2,1380302
4,4,4,3,4,1380372
5,5,5,5,5,1380788
5,3,2,3,2,1382872
5,4,3,5,2,1382969
5,5,5,5,4,1384003
4,4,4,4,4,1384931
4,3,3,4,4,1384935
3,2,2,4,2,1385029
4,4,4,4,4,1386469
5,4,5,4,3,1386900
5,4,4,4,2,1387049
4,5,4,4,4,1387099
4,4,4,2,2,1387521
4,3,3,3,3,1387766
4,4,4,4,4,1388216
5,5,5,4,4,1388257
5,4,4,4,3,1389070
4,3,3,3,3,1389844
4,3,4,4,3,1389990
3,1,2,1,1,1390264
5,5,5,5,5,1390458
5,4,4,4,2,1390778
3,4,4,5,4,1391523
4,4,4,4,4,1392317
5,5,4,4,2,1392880
4,3,2,2,2,1393159
4,4,4,5,4,1393946
4,4,3,4,2,1394198
5,5,5,5,4,1396663
5,5,4,4,4,1397843
5,5,4,4,3,1398256
4,3,4,4,1,1398961
4,4,4,3,2,1399571
4,3,3,3,1,1401692
5,5,5,5,5,1403184
5,4,4,5,3,1404116
4,4,4,4,4,1404971
5,2,1,1,1,1407746
5,5,5,5,3,1407972
5,4,3,3,4,1409687
5,5,5,5,5,1409816
5,5,5,5,3,1410175
4,5,5,5,1,1410444
4,4,4,4,4,1412213
4,4,4,4,5,1412392
5,5,4,3,3,1412844
5,5,5,5,4,1413189
5,5,5,5,5,1413434
5,5,5,4,3,1413533
4,4,4,5,2,1414737
5,4,4,4,1,1415450
4,2,2,2,2,1415713
5,5,5,5,5,1415805
5,5,4,5,3,1415858
4,4,5,4,3,1417234
4,2,3,4,1,1417273
4,4,4,4,4,1417392
5,5,5,5,5,1418305
5,4,3,2,1,1419103
5,5,3,4,5,1419621
5,5,5,5,4,1420005
3,4,3,2,1,1421913
4,3,2,2,1,1421919
4,3,4,2,2,1421966
4,3,3,2,1,1422484
5,5,5,5,5,1423188
5,4,4,4,4,1423249
4,4,4,4,2,1424177
3,3,3,3,3,1424487
5,4,5,3,3,1424768
5,4,4,4,3,1424859
4,4,3,4,3,1426662
4,4,3,3,3,1428560
4,4,4,4,3,1429507
5,5,5,5,5,1429631
5,5,5,5,5,1429870
3,4,4,4,4,1430142
5,5,5,5,5,1430656
5,3,4,5,3,1430920
5,4,4,4,1,1431356
5,4,3,2,1,1432474
4,5,5,4,5,1434507
4,4,4,5,4,1434870
5,4,3,5,2,1435252
3,3,3,3,3,1435335
3,5,4,3,3,1436357
5,5,5,5,5,1436641
4,3,4,4,4,1436668
3,2,2,2,1,1436780
5,4,5,3,2,1437139
5,5,5,5,4,1437183
4,4,5,4,3,1437304
5,5,4,5,5,1437853
4,3,3,4,2,1437916
5,4,4,5,4,1438031
4,3,3,4,2,1439015
5,5,5,5,2,1441311
5,5,5,5,5,1441540
5,5,5,5,3,1441596
3,2,2,3,1,1442150
4,4,4,4,2,1442331
3,2,3,3,1,1443041
5,5,5,4,3,1444489
4,4,4,4,3,1444640
5,5,5,5,5,1445117
4,5,4,5,4,1445236
3,5,5,5,5,1445262
4,4,5,5,4,1445727
5,5,5,5,5,1447160
4,5,4,5,5,1447381
5,5,5,5,5,1448246
4,4,4,5,5,1448522
4,4,4,4,4,1448561
5,3,3,4,3,1448758
4,4,4,5,3,1449229
4,4,4,4,5,1449358
5,5,5,5,4,1450860
5,5,5,5,5,1452396
5,5,5,5,5,1452528
2,2,2,2,2,1452669
5,4,4,4,3,1452675
5,5,5,4,2,1453823
5,4,4,4,3,1454075
4,4,4,4,4,1454516
4,4,3,3,4,1454945
4,4,4,3,3,1454964
4,5,4,4,4,1455107
4,4,4,4,1,1455459
5,5,5,5,2,1456277
5,4,3,4,3,1457139
5,5,5,5,5,1457319
5,4,4,3,3,1457728
3,2,3,3,1,1458015
5,5,5,5,5,1458712
4,3,4,3,3,1458854
5,4,4,4,5,1459600
4,4,4,3,3,1460170
5,3,3,5,3,1460874
1,1,1,1,1,1461435
5,4,5,5,2,1461717
5,4,5,5,5,1462488
5,4,4,4,4,1462866
5,5,5,5,4,1464011
5,2,2,2,2,1464523
5,5,5,5,5,1466086
5,4,4,4,5,1466323
5,4,4,3,3,1466453
4,3,3,3,3,1467035
5,4,3,4,4,1467134
4,4,4,4,3,1467867
5,4,3,3,3,1467955
5,5,5,5,5,1468142
4,4,3,3,4,1468468
4,4,3,2,2,1469001
3,3,3,3,3,1470123
5,4,3,5,1,1470152
5,5,5,2,4,1470255
5,4,4,3,4,1470420
2,3,3,3,3,1472689
4,5,4,4,4,1473980
5,4,3,4,1,1475221
2,2,2,2,2,1475293
4,4,4,4,4,1475543
5,4,4,3,2,1475571
4,4,3,3,2,1475970
4,5,4,4,3,1476317
5,5,5,5,3,1477066
5,4,5,4,4,1477783
3,3,3,3,3,1478117
5,4,3,4,3,1478210
5,5,5,4,4,1478617
5,5,5,5,3,1478933
5,4,4,4,4,1479054
5,3,4,4,3,1479308
4,4,4,3,3,1480235
5,3,3,5,1,1480571
5,3,3,3,3,1480781
4,3,3,3,4,1480900
4,4,3,3,3,1481171
5,5,5,5,5,1482568
5,5,5,5,5,1483255
5,5,4,4,4,1485175
5,5,5,5,5,1486389
5,5,5,5,5,1486502
5,3,3,3,3,1486911
5,5,5,5,5,1488235
5,4,3,2,2,1488479
5,5,4,3,3,1488844
3,3,3,3,4,1488926
4,4,4,4,4,1489031
5,5,5,5,5,1489488
5,3,3,3,2,1489601
4,4,4,3,1,1490544
3,3,3,3,3,1490642
2,2,2,1,1,1491358
5,5,5,5,1,1492066
5,5,5,5,4,1493352
5,5,5,4,4,1493439
5,5,5,5,5,1493758
4,3,3,3,2,1493889
4,3,3,3,3,1494153
5,5,3,2,2,1494821
5,4,4,3,3,1494923
4,3,2,3,2,1497344
5,5,5,5,5,1497400
5,5,4,2,1,1498208
4,4,4,4,3,1498429
5,5,5,5,5,1499958
5,5,5,4,5,1500246
4,4,4,4,4,1500464
5,5,5,5,5,1500614
5,5,5,5,5,1501004
4,4,4,4,4,1501943
3,2,2,2,2,1502648
5,4,3,3,3,1502727
4,3,2,2,2,1503647
5,5,4,5,2,1503916
5,3,3,3,4,1504203
5,4,3,3,3,1504229
5,5,5,5,5,1504597
5,4,4,4,4,1504853
2,3,3,3,4,1505703
4,4,5,5,2,1505707
5,3,2,4,1,1507291
3,3,2,3,2,1508328
5,4,4,4,4,1508638
4,5,4,3,2,1510380
5,5,5,5,5,1510489
5,3,3,3,4,1510806
4,4,4,4,4,1511249
5,5,5,5,3,1511945
4,3,3,2,2,1512112
5,5,5,5,5,1512617
5,4,4,4,3,1513103
5,5,4,5,4,1514200
4,2,2,3,1,1514886
5,5,5,5,5,1514939
5,4,4,4,4,1515113
5,5,5,4,3,1515877
3,2,2,2,2,1516834
4,3,3,3,2,1517061
5,3,3,3,3,1518446
5,4,4,4,4,1519692
4,3,3,3,3,1519729
5,5,5,5,2,1519929
3,2,2,2,3,1520166
5,4,4,3,3,1520624
4,3,3,4,3,1520703
4,3,5,4,1,1521076
4,4,4,4,4,1521868
4,4,3,5,4,1523185
5,5,5,3,3,1523524
4,4,5,3,3,1524484
4,3,3,3,2,1524964
4,4,4,4,1,1525907
5,4,3,5,2,1526160
4,4,3,3,3,1526365
5,5,5,4,1,1526662
5,5,5,5,5,1527215
4,3,3,4,5,1527706
4,3,4,4,3,1530738
5,5,5,5,4,1531342
3,4,4,3,3,1531980
4,3,3,3,1,1532336
3,3,4,4,4,1533355
4,4,4,5,2,1534085
4,4,4,5,5,1535123
5,5,4,5,1,1535537
4,3,3,3,2,1536111
5,5,5,5,5,1536121
5,5,5,5,5,1536705
3,2,2,2,1,1537873
5,5,5,4,2,1538119
4,3,3,3,3,1538355
4,3,3,3,3,1538864
5,5,5,5,5,1538941
5,5,4,4,4,1539017
5,3,4,4,4,1539184
4,3,4,4,2,1539341
5,5,4,5,4,1539599
5,5,5,5,4,1542060
3,4,4,3,3,1543335
5,5,5,5,5,1543481
5,5,5,5,5,1543501
5,2,3,2,2,1545694
4,5,4,3,3,1545791
4,3,2,3,1,1547886
5,5,5,5,5,1547957
5,4,4,2,3,1549026
4,3,3,2,2,1550650
5,5,5,5,5,1551543
5,3,5,2,2,1551751
5,5,4,5,5,1552084
5,4,4,4,4,1552776
4,3,4,5,5,1553158
5,5,5,5,5,1553699
5,5,5,5,3,1553750
3,3,4,4,4,1553767
5,5,5,5,3,1554310
5,4,3,4,5,1555081
5,4,4,3,2,1555531
5,4,3,4,3,1557477
3,3,3,3,3,1557927
4,5,4,5,4,1558047
4,4,4,4,3,1558286
4,5,5,4,5,1558299
5,5,4,4,3,1559165
4,4,3,3,3,1560283
2,1,1,1,1,1560395
5,3,3,4,5,1560675
4,4,3,3,2,1562186
3,3,2,1,1,1563698
5,5,4,3,3,1564095
5,5,5,5,5,1564649
1,1,1,1,1,1565082
5,4,5,4,4,1565388
5,5,4,4,3,1565986
3,2,2,1,1,1567202
4,4,4,4,2,1567240
4,4,5,5,5,1567970
4,4,4,3,3,1568024
5,5,5,4,5,1568774
5,5,5,5,1,1569075
5,5,5,5,5,1569140
4,4,3,4,4,1569593
3,3,3,3,3,1570999
5,4,3,4,4,1571565
4,4,4,3,3,1571713
3,3,2,4,1,1573228
5,5,5,5,5,1573302
5,3,3,4,3,1573480
5,5,5,5,4,1573566
5,3,3,5,4,1574599
3,5,5,5,5,1575270
5,5,5,5,5,1576102
5,5,5,5,5,1576948
5,5,5,5,4,1577480
4,3,3,2,5,1578264
3,3,3,3,2,1580917
5,5,4,3,1,1581139
5,5,5,5,5,1581286
3,3,3,3,4,1581500
5,4,4,5,2,1581671
4,3,3,3,3,1582107
5,4,4,3,3,1582952
5,4,5,5,5,1583585
5,4,4,3,3,1583631
5,5,5,5,5,1583763
5,5,4,5,2,1583964
5,5,5,5,3,1584100
5,5,5,5,5,1584985
4,4,4,4,3,1586184
5,4,5,4,4,1586759
5,5,4,5,4,1587619
4,4,4,3,3,1587903
4,3,4,4,5,1588471
5,4,4,4,3,1589208
5,4,5,5,4,1589834
5,5,4,5,5,1589963
5,5,5,5,5,1589995
5,3,3,4,3,1590374
4,3,3,3,2,1590697
5,4,3,3,3,1592086
3,1,1,1,1,1592339
3,2,3,3,1,1592434
5,4,3,4,4,1592675
4,4,4,4,4,1592835
5,4,5,5,3,1593671
5,4,4,4,4,1594135
1,4,3,3,4,1595644
5,5,4,5,2,1595787
5,5,5,5,5,1597178
4,5,3,5,2,1597367
3,3,3,3,3,1598266
3,3,4,3,3,1598488
5,5,4,5,5,1598950
5,4,4,4,3,1599850
5,5,5,5,2,1599924
5,5,5,5,2,1600033
3,3,3,3,3,1600659
5,5,4,5,1,1600960
5,5,4,4,3,1601247
5,5,5,5,3,1602278
4,4,4,4,3,1602857
5,5,5,5,5,1603022
5,4,4,5,4,1603951
5,5,5,5,4,1604033
5,5,5,5,3,1604927
5,4,4,4,4,1605584
5,4,4,4,3,1605715
4,3,3,3,1,1605987
5,4,4,5,1,1606064
3,3,3,3,2,1606739
5,5,5,5,5,1609123
4,3,3,3,3,1609975
4,4,2,3,3,1610230
3,5,5,5,5,1610234
4,3,3,4,2,1611417
3,4,3,4,4,1611905
4,4,4,3,2,1612558
4,2,3,3,2,1612901
4,4,4,4,4,1613540
3,2,2,4,1,1614626
5,5,5,5,5,1617448
5,4,4,4,4,1617455
4,3,3,3,3,1617675
5,5,4,2,2,1617685
5,4,3,3,4,1617915
3,4,5,4,4,1618268
2,4,4,3,2,1619362
5,5,4,5,4,1619911
5,5,5,5,5,1620114
3,4,3,4,3,1620733
5,5,4,4,4,1621546
4,2,4,4,3,1621666
5,4,4,3,3,1622462
5,4,4,5,2,1622890
4,3,3,1,1,1622963
5,5,5,5,5,1623070
5,4,4,3,1,1623353
5,4,1,4,4,1625173
5,5,5,5,5,1625343
5,5,5,5,5,1625710
5,5,5,5,5,1626060
3,3,3,3,3,1627613
5,5,5,3,3,1628880
5,5,5,5,5,1629440
5,4,5,5,5,1629795
5,5,5,5,3,1630882
3,4,4,5,3,1631281
5,5,4,5,4,1631676
5,5,5,5,5,1632068
5,5,5,5,1,1632676
3,3,3,2,3,1633009
5,4,4,4,3,1634069
4,4,4,4,2,1634443
4,5,5,5,5,1634652
4,3,3,2,2,1634668
5,5,5,5,2,1634780
4,3,3,2,2,1635582
5,5,4,5,5,1636268
4,4,4,4,2,1636738
5,5,5,5,4,1637213
5,4,4,4,3,1637253
5,5,5,4,3,1638162
4,4,4,4,4,1638422
5,5,5,5,5,1638833
4,3,2,2,1,1639792
3,3,4,3,2,1639910
5,5,3,3,2,1640023
3,4,3,3,3,1640334
5,5,5,5,5,1640400
5,4,4,4,2,1640555
5,4,4,4,4,1641704
5,5,5,4,4,1642316
5,5,5,5,5,1642827
3,3,4,4,2,1643912
5,3,5,5,4,1644335
5,5,5,5,5,1645186
4,4,4,3,1,1648316
5,4,4,4,4,1649068
5,3,5,5,4,1650576
4,4,4,5,5,1652153
4,2,2,5,2,1652573
5,5,5,5,5,1653521
4,4,4,4,4,1653575
4,4,4,4,3,1653637
4,4,4,5,4,1653746
5,5,5,5,5,1654721
5,5,5,5,5,1654854
4,2,2,2,2,1654930
5,5,5,5,5,1655692
4,4,4,4,1,1658010
5,5,4,5,3,1658101
5,5,5,5,5,1660196
4,4,3,3,3,1660348
4,4,4,4,4,1660662
5,4,4,4,4,1661533
5,4,3,5,3,1661541
5,5,5,5,4,1661583
5,5,5,5,5,1661999
4,5,4,4,3,1662104
3,3,4,3,3,1663888
5,5,5,5,5,1664010
3,3,1,1,1,1664726
3,4,3,4,3,1666213
4,5,5,4,5,1666800
4,5,3,5,1,1667288
4,5,4,5,5,1668036
5,4,4,3,3,1668781
5,5,5,5,5,1669420
4,2,1,1,1,1669517
4,3,3,3,2,1670302
4,4,4,4,4,1670565
5,4,4,2,2,1670876
5,5,5,5,2,1671947
1,2,1,1,1,1672832
3,3,2,2,3,1673185
5,5,5,5,4,1673891
5,4,3,2,2,1674073
4,5,5,4,4,1675619
3,2,2,1,1,1675680
4,4,4,3,1,1676914
5,5,3,3,4,1677224
5,3,1,4,2,1677426
5,5,4,4,4,1677833
5,3,3,3,2,1679839
5,5,5,5,5,1680429
4,5,5,5,5,1681124
5,5,5,5,4,1681133
5,4,4,5,4,1682587
5,3,3,4,3,1682851
5,4,3,4,2,1683198
5,5,5,5,4,1683435
4,4,4,3,2,1684362
4,3,3,3,2,1684485
5,5,5,5,5,1684984
4,4,4,4,4,1685610
4,3,4,3,2,1686713
5,5,4,4,4,1687862
5,4,4,3,1,1687961
5,5,5,5,3,1688176
5,4,4,4,4,1688256
3,3,3,3,3,1688444
4,3,3,3,2,1688557
3,3,5,3,3,1689114
5,4,3,3,2,1690222
5,4,4,5,2,1690520
5,4,3,5,4,1690571
4,4,4,3,3,1690808
4,3,3,3,3,1691081
5,5,4,5,4,1691246
4,2,1,1,1,1692152
4,4,3,4,3,1692253
5,5,5,4,5,1692302
4,4,4,4,4,1693179
5,5,5,5,5,1693658
5,4,4,3,4,1694254
5,5,5,5,5,1695864
5,5,5,5,4,1696380
3,3,3,3,3,1697865
3,3,3,3,1,1698211
5,3,3,2,2,1698636
5,4,5,5,1,1698672
5,3,3,5,3,1698900
4,4,5,5,3,1700006
4,4,4,4,4,1701315
4,4,3,4,4,1701632
4,4,4,4,2,1701853
5,5,5,5,3,1702824
1,1,3,3,1,1704223
5,5,3,2,1,1704448
2,2,2,2,3,1705134
4,4,4,4,4,1705164
5,5,5,5,5,1705330
5,4,4,4,4,1706831
5,4,5,4,4,1706873
5,4,4,4,4,1708273
4,4,3,4,3,1710658
4,4,4,4,2,1713267
5,5,4,5,2,1714431
4,4,4,5,4,1716474
5,5,5,5,5,1716811
5,4,5,3,1,1716976
4,4,4,5,4,1717138
5,5,5,5,5,1717619
5,5,3,4,2,1717926
5,5,4,5,3,1717946
5,4,3,3,3,1718096
5,5,5,5,5,1719610
4,4,3,2,1,1719990
4,1,1,1,1,1720661
5,5,5,5,5,1720861
3,3,3,2,1,1721623
5,5,4,4,4,1721636
5,4,5,4,3,1722187
4,4,3,3,2,1722514
4,2,2,2,3,1722574
4,4,4,2,2,1723381
4,4,4,4,3,1723621
5,5,5,5,5,1724132
4,4,3,3,3,1724368
4,4,4,5,1,1725138
5,4,4,4,4,1726364
2,3,4,3,4,1726499
4,3,3,4,3,1726741
4,4,4,4,4,1728403
5,5,5,5,5,1728853
4,3,2,2,1,1729432
4,3,4,4,4,1731346
5,5,5,5,5,1731382
5,4,4,4,4,1732302
4,4,4,4,3,1732388
5,5,5,5,4,1733123
4,4,4,4,2,1733203
5,4,3,3,3,1734505
4,4,3,3,2,1734762
4,2,4,4,2,1735762
4,3,3,3,2,1736630
5,5,5,5,5,1737149
5,4,4,5,3,1737384
5,3,5,4,3,1737920
3,4,3,1,1,1738119
4,3,3,1,2,1738753
1,1,1,1,1,1739082
4,4,4,4,4,1739329
5,5,5,3,5,1739802
5,5,3,5,1,1740316
5,3,4,4,4,1740863
5,5,5,5,5,1740987
5,5,5,5,5,1741099
5,5,5,5,5,1743210
5,5,5,5,4,1743613
5,5,3,4,3,1743756
3,2,2,2,2,1744093
4,4,5,4,4,1744601
5,5,4,4,2,1744733
3,3,3,3,3,1746378
5,3,3,2,2,1746455
5,5,5,5,5,1746701
4,3,3,4,4,1748612
5,5,4,3,3,1750740
4,4,5,4,5,1751084
5,5,5,5,4,1752638
5,4,4,3,3,1752828
5,5,4,5,4,1754267
5,5,5,5,5,1755092
4,4,4,4,4,1755173
5,4,4,4,3,1756244
5,4,4,4,3,1756407
5,2,3,5,1,1757246
3,2,2,1,2,1757639
5,5,5,5,1,1758299
3,3,3,3,3,1758572
5,5,5,5,4,1759039
4,4,3,3,1,1759886
5,5,3,5,3,1763645
4,3,3,4,1,1764745
5,2,3,3,1,1765407
5,5,4,5,2,1765512
5,4,4,4,3,1766053
5,4,4,4,4,1766397
4,4,4,4,4,1766524
5,5,2,3,2,1769206
4,4,5,5,4,1769330
5,5,5,5,5,1769967
5,4,3,5,3,1769985
4,4,4,4,4,1771365
5,5,5,5,5,1771587
4,4,5,4,2,1772203
3,3,3,4,3,1772651
5,4,4,4,4,1772964
5,3,4,5,3,1773723
4,2,3,5,2,1773757
4,4,3,4,4,1773915
4,3,3,3,3,1774684
5,4,3,4,3,1776625
1,1,1,1,1,1777406
5,5,5,5,4,1777566
3,4,3,3,3,1778011
3,3,4,4,4,1778729
4,4,3,3,1,1779014
4,3,4,4,4,1779315
5,5,5,5,5,1779424
4,4,4,5,4,1780005
5,5,3,3,3,1781280
3,3,3,4,3,1782185
5,5,5,5,5,1782432
4,3,3,3,1,1783225
5,5,5,5,5,1783226
4,4,3,4,2,1783491
5,4,4,4,4,1783938
3,3,4,3,3,1784793
5,5,5,5,5,1784983
3,2,2,2,2,1785017
5,4,4,2,2,1785367
5,3,4,4,2,1787151
5,5,5,5,5,1787269
4,4,4,4,3,1787323
5,4,3,3,3,1787619
5,4,4,4,4,1787676
5,4,4,4,1,1788305
1,1,1,1,1,1788346
5,4,4,4,2,1788942
4,4,4,4,4,1789747
4,3,3,3,2,1792263
5,5,4,4,3,1792311
4,3,3,3,2,1793530
3,3,3,3,3,1793717
4,5,5,5,2,1793747
5,4,5,5,1,1794437
5,5,5,4,3,1795110
5,5,4,5,4,1795694
4,4,4,4,4,1795822
5,4,3,3,3,1796167
5,5,5,5,5,1796532
5,5,4,4,3,1796787
5,5,5,5,5,1797375
4,3,5,4,4,1797419
4,3,3,3,3,1797427
3,3,3,2,1,1798758
4,4,4,3,4,1800459
4,3,3,3,3,1800701
4,4,4,4,4,1801164
3,3,2,3,2,1801528
5,5,5,5,5,1801709
5,5,4,4,4,1801854
3,3,2,3,4,1802763
5,5,5,5,4,1803940
4,4,3,3,4,1806515
5,5,5,5,5,1806750
3,3,3,3,3,1807097
5,4,4,4,2,1807626
4,5,4,5,1,1809112
4,4,4,4,4,1809573
4,3,4,4,4,1810064
3,3,3,4,4,1810605
5,4,4,3,2,1811740
3,2,2,2,1,1812275
5,4,4,3,2,1813272
4,3,3,4,3,1814098
1,4,4,4,4,1814819
2,3,4,3,3,1815129
4,4,4,4,4,1817906
5,5,5,5,5,1818059
5,5,4,4,1,1818137
5,5,5,5,3,1818178
5,5,5,5,5,1819007
5,5,5,5,5,1819285
5,5,5,4,3,1819462
3,4,3,4,3,1820960
4,3,3,5,4,1821339
5,2,3,4,3,1821762
4,3,3,4,1,1823592
5,5,5,5,5,1824071
4,4,3,5,3,1824197
5,3,5,5,2,1825371
3,3,3,3,2,1825515
5,5,5,5,5,1828316
4,2,3,3,3,1828803
4,4,4,4,1,1829377
5,5,5,5,5,1831550
5,3,3,2,2,1832023
4,4,4,5,2,1832121
5,4,4,4,4,1832243
4,4,5,4,3,1834021
5,5,5,5,5,1835276
5,5,5,5,5,1835795
4,4,5,5,4,1835914
5,5,5,5,5,1836977
4,5,4,5,3,1837290
5,5,5,5,3,1837325
4,4,4,4,2,1837439
4,4,4,4,4,1838837
5,2,4,2,2,1839246
5,5,5,5,5,1839424
3,2,3,3,3,1839539
4,4,4,4,1,1839681
4,4,3,4,2,1840146
4,4,4,4,2,1841692
5,5,5,5,5,1843141
3,3,3,3,3,1844586
3,3,3,3,1,1844792
4,3,2,3,1,1844915
4,3,4,4,2,1845415
5,4,5,2,2,1846436
5,4,4,3,2,1846583
5,4,4,4,3,1848474
4,3,4,4,2,1850353
4,4,3,3,3,1851746
4,4,4,4,5,1851758
4,4,4,4,4,1851867
4,3,3,3,3,1852037
5,5,3,5,2,1852206
5,4,4,5,2,1852607
5,5,4,4,3,1854424
3,4,5,5,4,1854660
4,4,2,2,2,1854775
5,4,4,5,2,1855545
5,5,5,4,4,1855666
5,4,4,3,2,1857639
3,3,3,3,2,1859573
5,5,5,5,2,1859649
5,4,2,2,1,1860025
4,4,3,3,3,1860332
5,5,3,5,3,1861609
5,4,5,5,5,1862352
5,5,3,4,2,1862862
5,4,4,4,3,1862911
4,4,4,4,4,1863363
4,3,4,4,3,1863499
5,5,5,5,5,1863899
4,4,4,4,1,1864662
4,4,4,4,3,1865100
3,3,2,2,1,1865249
3,3,3,3,2,1866094
4,4,4,4,4,1866730
4,4,4,4,3,1866818
3,2,3,3,2,1867238
3,3,3,3,2,1867265
4,4,4,4,4,1867481
4,4,4,4,2,1868345
4,3,4,4,3,1868486
5,5,5,5,4,1868611
5,5,4,5,4,1869725
5,5,5,5,2,1870107
4,5,5,5,3,1870288
5,5,5,5,4,1871161
5,5,5,5,5,1872511
5,5,5,5,5,1872879
5,5,4,5,4,1874239
5,5,5,5,5,1874390
5,5,5,5,5,1874777
4,2,2,1,1,1877868
5,1,1,1,1,1880039
5,5,5,5,5,1880477
5,5,4,3,1,1880751
5,4,5,4,4,1880766
5,4,4,5,4,1883021
5,4,3,4,3,1883641
4,4,4,3,4,1884423
4,4,4,4,4,1885991
3,2,2,3,2,1886585
4,4,4,3,4,1886679
5,5,5,5,2,1887129
5,4,3,3,2,1888738
5,3,2,4,4,1888899
3,4,4,4,1,1889106
5,5,5,5,5,1889702
4,5,5,5,5,1890557
3,3,3,3,2,1890844
5,5,5,5,4,1891442
3,4,4,5,3,1891612
3,3,3,1,1,1891779
5,5,4,5,3,1893120
5,4,5,5,3,1893577
5,5,5,4,2,1893871
4,3,3,2,2,1894963
4,3,2,1,2,1896610
5,5,5,5,5,1897824
5,4,4,3,3,1898907
4,4,4,4,3,1899746
5,4,5,5,5,1900854
5,4,3,3,3,1901135
3,3,3,3,3,1901876
5,5,5,5,5,1902417
4,4,4,4,4,1902573
3,2,2,1,1,1902838
5,4,4,4,2,1903123
4,4,3,2,2,1903769
4,4,4,4,4,1903977
4,4,4,3,3,1905393
5,5,5,5,5,1907043
5,4,4,4,3,1907859
5,5,5,5,4,1908523
4,2,3,5,1,1909214
5,1,1,5,1,1910165
5,4,4,4,1,1911337
5,4,5,5,4,1912002
4,5,5,5,5,1913414
4,4,4,4,4,1914782
5,5,5,4,1,1915206
4,4,4,4,4,1916284
4,4,4,4,3,1916555
4,4,3,4,3,1917470
2,2,3,2,1,1917540
4,3,4,4,4,1918397
4,3,3,3,3,1918987
1,1,1,1,1,1919269
4,4,3,3,3,1919580
5,4,4,5,3,1919638
5,5,5,5,5,1919710
4,3,3,3,3,1920597
5,5,5,5,3,1920765
4,4,4,4,4,1920849
4,3,3,3,3,1921318
5,5,5,5,5,1922585
5,4,4,4,5,1922778
5,5,5,5,3,1924249
5,4,4,5,3,1925969
5,4,4,3,2,1926651
5,5,5,5,2,1927597
5,4,4,3,3,1927703
5,5,5,5,5,1927855
5,4,4,5,3,1928532
5,4,4,3,2,1928597
5,4,3,3,1,1928706
5,5,3,3,2,1928860
5,5,5,5,4,1930426
5,5,5,5,4,1931241
5,5,5,5,5,1931453
4,3,3,2,1,1931966
4,4,4,3,2,1932113
2,2,2,2,3,1932594
5,5,4,5,4,1934089
5,3,3,3,3,1935856
5,5,5,5,5,1936302
5,3,4,4,2,1936469
3,4,3,2,4,1936617
5,4,4,5,2,1936740
5,4,4,4,1,1937187
5,5,5,5,4,1937233
5,5,5,3,5,1937311
5,5,5,5,5,1937860
4,4,4,4,3,1938678
5,5,5,5,5,1939739
5,5,5,5,5,1940172
5,5,5,5,5,1941029
5,5,5,5,4,1941862
5,5,5,3,3,1942005
5,4,4,5,4,1942172
5,5,5,5,5,1943596
5,5,5,5,5,1944004
5,5,5,5,5,1947128
4,4,4,3,3,1947240
4,4,4,3,3,1948311
4,3,3,3,3,1948804
4,3,3,2,1,1951144
5,4,4,4,4,1951627
5,4,3,4,2,1952500
4,4,4,4,4,1952776
4,5,5,5,3,1952797
3,2,2,2,2,1952829
5,5,5,5,5,1952860
4,3,3,3,2,1953104
4,5,5,5,5,1953458
5,5,5,5,4,1953750
3,3,3,2,1,1953981
4,3,3,2,2,1954032
4,3,3,5,3,1954297
5,5,4,4,4,1954578
4,3,3,3,2,1955071
4,3,2,2,1,1955660
4,4,4,4,4,1960129
5,5,5,5,5,1961702
5,5,5,5,5,1961753
3,3,4,3,3,1963208
5,5,5,5,5,1963777
5,5,5,5,5,1963815
4,5,4,4,4,1964325
4,4,4,5,3,1965194
5,4,4,4,3,1966090
5,5,5,5,1,1966637
5,4,4,4,3,1966895
5,5,4,5,4,1968862
5,5,5,5,4,1969240
5,5,5,5,5,1970306
5,5,5,5,5,1970437
4,3,4,3,3,1976023
5,3,5,4,2,1976465
4,3,2,1,1,1977824
5,4,4,4,4,1977925
5,5,4,3,3,1978089
5,4,4,5,1,1979054
5,5,4,5,5,1980244
5,4,5,5,3,1980603
4,4,4,4,3,1981464
4,5,5,4,5,1982652
5,5,5,5,5,1983441
5,3,3,3,1,1983562
5,4,4,3,3,1983938
4,3,4,5,3,1985760
3,4,3,3,3,1986034
4,5,4,5,5,1986365
5,5,5,4,3,1986816
5,5,4,5,3,1987400
3,3,3,2,1,1988735
5,5,5,5,3,1989027
3,3,3,3,3,1990523
3,3,3,3,3,1993723
5,5,5,5,3,1993796
5,5,5,4,4,1994339
4,4,4,4,4,1995214
4,2,2,2,2,1995832
4,4,4,2,1,1996328
5,4,3,3,2,1998055
5,5,5,4,4,1999685
5,5,5,5,1,1999825
5,5,5,5,3,1999929
5,5,5,5,4,2000237
5,5,4,5,5,2001300
5,5,5,5,2,2002171
5,4,3,4,3,2002253
3,3,4,3,3,2002671
4,4,4,5,5,2003162
5,5,5,5,1,2003836
5,5,5,5,4,2006360
3,3,3,4,3,2006505
5,4,3,2,3,2009414
3,3,3,5,1,2009801
5,4,4,4,3,2011043
4,4,4,3,3,2011405
5,5,5,5,4,2012010
4,4,5,5,4,2012563
5,4,4,5,3,2012675
5,4,3,4,3,2013504
5,5,5,5,5,2013639
4,4,4,4,4,2014137
4,3,5,4,1,2014280
5,5,5,5,5,2014656
5,5,5,5,3,2017088
3,3,4,4,3,2017156
4,3,3,2,2,2017963
5,4,3,3,2,2018877
5,5,5,5,5,2018894
4,4,4,4,4,2019259
3,3,3,2,3,2020252
4,4,4,4,4,2020353
5,5,5,5,5,2022256
4,3,3,4,3,2022263
5,5,5,5,5,2023643
5,5,4,4,4,2023883
4,3,3,4,3,2024111
4,4,4,3,3,2024621
3,3,3,3,3,2024833
5,5,3,4,3,2024931
5,5,5,5,4,2025863
4,3,2,4,2,2025883
4,3,4,3,3,2026133
4,4,4,4,4,2026677
5,5,5,5,5,2027486
5,5,4,5,1,2028524
5,4,5,5,3,2030402
5,5,5,5,5,2030523
4,4,4,5,4,2031039
4,3,4,2,3,2031561
4,4,5,5,4,2032525
4,4,3,4,3,2032698
5,5,5,4,3,2033070
5,4,3,4,5,2033209
5,5,5,5,5,2034101
5,4,5,4,2,2034665
4,3,3,3,2,2034703
5,5,5,5,4,2035299
5,5,5,5,5,2036299
5,4,4,5,3,2036365
4,3,3,3,3,2037437
4,4,4,4,4,2038357
4,3,4,4,3,2038372
5,5,5,5,4,2038901
4,4,3,5,3,2039008
5,5,5,5,5,2039921
3,3,3,3,3,2040853
5,3,3,4,4,2041742
4,4,4,4,4,2042240
4,4,4,4,1,2043109
5,5,5,5,3,2043339
5,5,5,5,5,2045817
4,4,3,3,3,2045846
5,3,3,4,1,2045949
5,5,5,5,5,2046105
4,4,3,3,4,2046649
5,4,4,4,4,2047141
4,4,4,4,4,2047171
5,4,4,4,4,2047178
4,3,3,3,3,2047888
5,4,3,3,2,2050757
4,5,3,4,4,2051372
4,3,3,3,3,2051681
5,5,5,5,5,2053238
4,4,4,3,3,2053250
5,4,3,3,1,2054225
4,4,4,4,4,2054272
5,2,2,1,1,2054759
4,2,2,2,2,2054810
2,2,1,3,1,2055639
5,4,4,4,4,2055774
4,3,3,3,3,2056022
4,3,4,5,2,2056106
4,3,2,3,2,2056324
5,5,5,5,5,2056570
5,5,5,5,5,2056742
4,4,3,3,3,2057248
5,5,5,5,5,2057355
5,5,5,5,3,2057915
5,5,5,4,2,2058194
5,5,5,5,4,2058781
4,2,2,2,1,2059023
4,3,3,2,2,2059696
4,4,3,3,4,2059738
5,5,4,3,1,2059920
5,5,5,5,4,2061246
5,4,4,4,4,2061495
5,5,5,5,5,2062350
4,3,4,4,3,2062675
5,5,4,5,3,2063016
5,5,5,5,5,2063452
4,4,3,3,1,2064033
4,4,3,3,3,2065106
5,3,3,4,3,2065772
4,3,3,4,3,2066003
3,3,3,3,2,2066198
5,5,4,4,4,2067117
3,3,3,5,3,2067423
5,4,4,4,1,2067779
5,5,5,5,4,2068497
5,5,5,5,5,2070733
5,4,4,3,4,2070798
5,5,3,4,1,2071020
4,4,4,4,3,2071304
4,3,3,2,1,2071384
5,5,5,5,5,2072167
4,4,4,3,4,2073766
5,2,5,5,3,2074458
3,4,4,3,2,2074640
5,4,3,3,3,2075828
5,4,3,3,2,2075887
3,3,3,3,2,2076631
3,2,2,2,2,2078018
4,3,4,4,2,2078812
4,4,3,1,1,2079909
5,5,5,5,5,2080663
5,5,4,5,3,2080752
5,5,5,5,3,2082865
4,4,5,5,4,2083878
5,4,5,4,3,2086693
4,4,4,4,3,2087075
2,2,3,2,2,2087093
5,5,5,5,5,2087153
5,3,3,3,2,2087448
3,4,5,4,5,2087711
5,5,5,4,1,2087737
3,3,3,3,3,2087864
5,4,5,5,5,2087865
5,5,5,5,5,2088547
4,5,4,4,2,2088813
5,5,1,4,4,2089472
5,5,5,5,5,2089639
5,5,4,4,4,2090060
5,4,4,4,4,2090369
5,4,3,1,1,2094114
3,3,4,4,4,2094669
3,3,3,3,3,2095101
4,3,2,2,2,2096157
4,3,2,1,2,2096352
4,4,3,3,2,2097080
5,3,3,3,2,2097185
5,4,5,3,2,2097277
5,5,5,5,5,2097548
4,4,4,4,4,2097608
5,4,3,3,2,2097952
4,3,2,3,2,2097976
2,1,2,2,3,2098394
4,3,3,2,2,2099603
5,5,4,4,4,2099924
5,5,5,5,5,2100574
5,5,4,5,5,2100834
4,4,4,3,4,2101921
5,5,4,5,5,2102030
5,5,4,4,5,2102621
5,3,5,4,3,2105137
5,3,5,5,4,2105371
5,4,4,4,5,2106707
3,3,3,3,3,2107068
4,3,2,3,1,2107866
4,3,3,5,2,2108079
5,5,5,5,5,2108510
4,4,4,3,2,2108997
5,5,5,5,5,2109200
5,5,5,5,4,2109386
5,5,3,5,3,2110107
5,5,5,5,4,2110321
5,5,4,5,4,2110341
5,4,5,5,4,2110575
5,5,5,3,3,2111422
2,3,3,3,2,2112089
5,5,3,5,3,2112205
5,5,5,5,5,2112383
4,4,3,4,2,2113596
5,5,5,4,3,2114241
5,5,5,5,5,2115689
4,2,4,2,2,2115977
5,5,5,5,3,2118044
4,4,4,4,4,2118461
4,4,3,3,4,2118863
4,3,3,3,3,2118885
5,5,5,3,4,2119007
4,4,4,4,4,2119085
4,4,4,4,4,2119358
5,4,4,3,4,2119826
4,4,4,5,4,2119988
1,1,1,1,1,2120884
4,4,4,4,3,2120970
5,5,5,5,5,2121758
5,4,4,4,1,2122667
5,5,5,5,5,2122769
4,4,3,4,3,2125368
5,5,5,5,5,2125582
5,3,2,1,1,2126215
5,5,5,5,3,2127049
4,5,5,5,5,2127162
5,5,4,5,1,2128251
4,4,3,3,3,2129014
4,4,4,4,3,2130855
5,5,5,4,4,2131171
5,4,5,5,4,2131336
5,4,4,4,3,2131820
5,5,5,5,5,2131869
5,5,5,5,4,2133545
4,4,4,3,2,2134111
5,4,4,4,2,2135692
4,4,4,5,5,2135716
5,4,3,2,2,2137795
5,4,4,5,5,2138218
3,3,3,2,2,2138429
4,4,4,4,4,2138987
4,4,4,4,3,2139777
4,3,2,4,1,2140725
5,5,5,5,5,2141089
3,3,3,3,3,2141153
5,5,5,5,5,2144655
5,5,5,3,3,2145441
